game-date,match,notes,result-1,first-player,second-player,result-2,thousand,broadcast
2025-04-01,竜王戦,2組,●,池永天志,永瀬拓矢,○,,
2025-04-01,竜王戦,4組 昇決,○,中村修,黒沢怜生,●,,
2025-04-01,竜王戦,4組 昇決,○,北島忠雄,飯塚祐紀,●,,
2025-04-01,竜王戦,6組,●,吉池隆真,岡部怜央,○,,
2025-04-01,竜王戦,6組,●,徳田拳士,高橋佑二郎,○,,
2025-04-01,王位戦,挑決リーグ,○,八代弥,大橋貴洸,●,,
2025-04-01,棋王戦,予選,○,松尾歩,田中悠一,●,,
2025-04-01,王将戦,一次予選,○,及川拓馬,藤森哲也,●,,
2025-04-01,王将戦,一次予選,○,古賀悠聖,村山慈明,●,,
2025-04-02,竜王戦,4組 昇決,○,戸辺誠,伊藤真吾,●,,
2025-04-02,竜王戦,4組 昇決,○,渡辺大夢,石川優太,●,,
2025-04-02,竜王戦,5組,○,山本博志,川上猛,●,,
2025-04-02,棋王戦,予選,●,安用寺孝功,井田明宏,○,,
2025-04-02,王将戦,一次予選,○,山崎隆之,藤本渚,●,,
2025-04-03,叡王戦,第1局,●,伊藤匠,斎藤慎太郎,○,,
2025-04-03,竜王戦,2組,○,羽生善治,佐藤天彦,●,,
2025-04-03,竜王戦,2組,●,深浦康市,稲葉陽,○,,
2025-04-03,竜王戦,5組 昇決,○,矢倉規広,井上慶太,●,,
2025-04-03,王位戦,挑決リーグ,●,都成竜馬,杉本和陽,○,,
2025-04-03,棋王戦,予選,●,中川大輔,阿部健治郎,○,,
2025-04-03,棋王戦,予選,○,梶浦宏孝,三枚堂達也,●,,
2025-04-03,棋王戦,予選,●,宮田敦史,丸山忠久,○,,
2025-04-03,棋王戦,予選,●,齊藤裕也,出口若武,○,,
2025-04-03,王将戦,一次予選,○,青嶋未来,山川泰熙,●,,
2025-04-03,王将戦,一次予選,○,狩山幹生,大石直嗣,●,,
2025-04-04,竜王戦,1組,○,木村一基,郷田真隆,●,,
2025-04-04,竜王戦,4組,○,高崎一生,飯島栄治,●,,
2025-04-04,竜王戦,4組,●,村田顕弘,狩山幹生,○,,
2025-04-04,竜王戦,5組,○,長谷部浩平,門倉啓太,●,,
2025-04-04,棋王戦,予選,○,井出隼平,森内俊之,●,,
2025-04-04,棋王戦,予選,●,冨田誠也,古賀悠聖,○,,
2025-04-04,棋王戦,予選,●,上野裕寿,服部慎一郎,○,,
2025-04-04,棋王戦,予選,○,池永天志,西川和宏,●,,
2025-04-07,王位戦,挑決リーグ,○,永瀬拓矢,羽生善治,●,,
2025-04-07,王位戦,挑決リーグ,●,佐々木勇気,八代弥,○,,
2025-04-08,竜王戦,3組 昇決,●,梶浦宏孝,増田康宏,○,,
2025-04-08,王将戦,一次予選,○,石井健太郎,宮嶋健太,●,,
2025-04-08,王将戦,一次予選,●,糸谷哲郎,柵木幹太,○,,
2025-04-08,棋聖戦,決勝トーナメント,●,及川拓馬,杉本和陽,○,,
2025-04-09,竜王戦,4組,○,井田明宏,横山泰明,●,,
2025-04-09,竜王戦,5組 昇決,○,中川大輔,千葉幸生,●,,
2025-04-09,王位戦,挑決リーグ,○,大橋貴洸,丸山忠久,●,千日手,
2025-04-09,棋王戦,予選,●,瀬川晶司,星野良生,○,,
2025-04-09,棋王戦,予選,○,高田明浩,石川優太,●,,
2025-04-09,棋聖戦,決勝トーナメント,○,西田拓也,佐々木大地,●,,
2025-04-09,名人戦,第1局,●,永瀬拓矢,藤井聡太,○,,
2025-04-10,竜王戦,5組,○,山下数毅三段,出口若武,●,,
2025-04-10,竜王戦,5組 昇決,○,竹内雄悟,村田智弘,●,,
2025-04-10,王位戦,挑決リーグ,○,古賀悠聖,都成竜馬,●,,
2025-04-10,棋王戦,予選,●,佐藤和俊,吉池隆真,○,,
2025-04-10,棋王戦,予選,●,青嶋未来,小山怜央,○,,
2025-04-10,王将戦,一次予選,○,村中秀史,阿久津主税,●,,
2025-04-10,王将戦,一次予選,●,佐々木慎,松尾歩,○,,
2025-04-10,王将戦,一次予選,●,阿部健治郎,郷田真隆,○,,
2025-04-10,王将戦,一次予選,○,松本佳介,飯島栄治,●,,
2025-04-10,棋聖戦,決勝トーナメント,○,羽生善治,高崎一生,●,,
2025-04-11,竜王戦,4組,●,金井恒太,石田直裕,○,,
2025-04-11,竜王戦,5組 昇決,●,窪田義行,藤森哲也,○,,
2025-04-11,竜王戦,5組 昇決,○,阿部隆,遠山雄亮,●,,
2025-04-11,王将戦,一次予選,○,斎藤慎太郎,久保利明,●,,
2025-04-13,棋聖戦,決勝トーナメント,●,八代弥,永瀬拓矢,○,,
2025-04-15,竜王戦,1組 出決,●,伊藤匠,松尾歩,○,,
2025-04-15,竜王戦,1組 出決,○,三浦弘行,斎藤慎太郎,●,,
2025-04-15,棋王戦,予選,○,及川拓馬,片上大輔,●,,
2025-04-15,棋王戦,予選,●,折田翔吾,池永天志,○,,
2025-04-15,棋王戦,予選,○,藤本渚,徳田拳士,●,千日手,
2025-04-15,王将戦,一次予選,○,岡部怜央,行方尚史,●,,
2025-04-16,竜王戦,6組,○,小山直希,高橋佑二郎,●,,
2025-04-16,王位戦,挑決リーグ,■,渡辺明,丸山忠久,□,,
2025-04-16,棋王戦,予選,●,西尾明,戸辺誠,○,,
2025-04-16,王将戦,一次予選,●,豊川孝弘,横山泰明,○,,
2025-04-16,王将戦,一次予選,○,狩山幹生,畠山鎮,●,,
2025-04-17,竜王戦,1組,○,佐々木勇気,菅井竜也,●,千日手,
2025-04-17,竜王戦,2組 昇決,○,豊島将之,糸谷哲郎,●,,
2025-04-17,竜王戦,4組 昇決,●,杉本昌隆,大橋貴洸,○,,
2025-04-17,竜王戦,6組,●,古賀悠聖,平藤真吾,○,,
2025-04-17,王将戦,一次予選,●,森内俊之,深浦康市,○,,
2025-04-17,王将戦,一次予選,●,屋敷伸之,小山怜央,○,,
2025-04-17,棋聖戦,決勝トーナメント,○,永瀬拓矢,羽生善治,●,,
2025-04-18,竜王戦,6組,○,谷合廣紀,岡部怜央,●,,
2025-04-18,棋王戦,予選,○,松本佳介,佐藤慎一,●,,
2025-04-18,棋王戦,予選,○,郷田真隆,長谷部浩平,●,,
2025-04-18,棋王戦,予選,●,佐々木慎,山川泰熙,○,,
2025-04-18,棋王戦,予選,○,関矢寛之アマ,石田直裕,●,,
2025-04-18,王将戦,一次予選,●,福崎文吾,石川優太,○,,
2025-04-18,王将戦,一次予選,○,黒田尭之,北浜健介,●,,
2025-04-18,棋聖戦,決勝トーナメント,○,杉本和陽,西田拓也,●,,
2025-04-18,新人戦,,○,斎藤明日斗,横山友紀,●,,
2025-04-19,叡王戦,第2局,●,斎藤慎太郎,伊藤匠,○,,
2025-04-21,竜王戦,4組,○,青嶋未来,高崎一生,●,,
2025-04-21,竜王戦,5組 昇決,●,渡辺正和,中村太地,○,,
2025-04-21,王将戦,一次予選,○,三枚堂達也,丸山忠久,●,千日手,
2025-04-22,竜王戦,6組,●,西田拓也,上野裕寿,○,,
2025-04-22,竜王戦,6組 昇決,●,福崎文吾,有森浩三,○,,
2025-04-22,王位戦,挑決リーグ,○,佐々木勇気,佐々木大地,●,,
2025-04-22,王位戦,挑決リーグ,●,斎藤慎太郎,永瀬拓矢,○,,
2025-04-22,棋王戦,予選,●,井田明宏,古賀悠聖,○,,
2025-04-23,竜王戦,1組 出決,●,佐藤康光,森内俊之,○,,
2025-04-23,竜王戦,5組,●,星野良生,長谷部浩平,○,,
2025-04-23,竜王戦,5組 昇決,○,井出隼平,畠山鎮,●,,
2025-04-23,竜王戦,6組 昇決,○,勝又清和,島朗,●,,
2025-04-23,竜王戦,6組 昇決,●,木下浩一,岡崎洋,○,,
2025-04-23,竜王戦,6組 昇決,●,富岡英作,瀬川晶司,○,,
2025-04-23,竜王戦,6組 昇決,○,牧野光則,脇謙二,●,,
2025-04-23,竜王戦,6組 昇決,○,齊藤裕也,増田裕司,●,,
2025-04-23,棋王戦,予選,●,藤森哲也,阿部健治郎,○,,
2025-04-24,竜王戦,2組,●,稲葉陽,高見泰地,○,,
2025-04-24,竜王戦,4組 昇決,○,渡辺大夢,佐藤紳哉,●,,
2025-04-24,竜王戦,5組 昇決,○,片上大輔,真田圭一,●,,
2025-04-24,竜王戦,6組 昇決,○,宮嶋健太,大平武洋,●,,
2025-04-24,竜王戦,6組 昇決,●,山川泰熙,小山怜央,○,,
2025-04-24,竜王戦,6組 昇決,●,森本才跳,畠山成幸,○,,
2025-04-24,竜王戦,6組 昇決,○,今泉健司,中田功,●,,
2025-04-24,竜王戦,6組 昇決,●,長岡裕也,冨田誠也,○,,
2025-04-24,王座戦,挑決トーナメント,○,伊藤匠,山崎隆之,●,,
2025-04-24,王座戦,挑決トーナメント,○,広瀬章人,斎藤慎太郎,●,,
2025-04-24,王座戦,挑決トーナメント,●,千田翔太,菅井竜也,○,,
2025-04-25,竜王戦,1組,○,八代弥,木村一基,●,,
2025-04-25,竜王戦,6組 昇決,●,堀口一史座,所司和晴,○,,
2025-04-25,竜王戦,6組 昇決,●,高野秀行,松本佳介,○,,
2025-04-25,竜王戦,6組 昇決,○,宮本広志,浦野真彦,●,,
2025-04-25,竜王戦,6組 昇決,○,藤原直哉,山本真也,●,,
2025-04-25,竜王戦,6組 昇決,○,柵木幹太,南芳一,●,,
2025-04-25,王座戦,挑決トーナメント,○,屋敷伸之,久保利明,●,,
2025-04-25,王座戦,挑決トーナメント,○,郷田真隆,丸山忠久,●,,
2025-04-25,棋王戦,予選,○,佐々木大地,日浦市郎,●,,
2025-04-25,王将戦,一次予選,●,石田直裕,青嶋未来,○,,
2025-04-25,王将戦,一次予選,●,佐藤和俊,及川拓馬,○,,
2025-04-25,棋聖戦,挑決,○,杉本和陽,永瀬拓矢,●,,
2025-04-29,王位戦,挑決リーグ,●,杉本和陽,古賀悠聖,○,,
2025-04-29,王位戦,挑決リーグ,○,佐々木大地,渡辺明,●,,
2025-04-29,名人戦,第2局,○,藤井聡太,永瀬拓矢,●,,
2025-04-30,竜王戦,2組 昇決,○,都成竜馬,佐々木慎,●,,
2025-04-30,竜王戦,2組 昇決,○,藤井猛,阿部健治郎,●,,
2025-04-30,竜王戦,2組 昇決,●,本田奎,澤田真吾,○,,
2025-04-30,竜王戦,3組,○,近藤誠也,及川拓馬,●,,
2025-04-30,竜王戦,3組,○,服部慎一郎,佐々木大地,●,,
2025-04-30,竜王戦,3組 昇決,○,屋敷伸之,増田康宏,●,,
2025-04-30,竜王戦,4組 昇決,●,西川和宏,渡辺和史,○,,
2025-04-30,王位戦,挑決リーグ,●,羽生善治,斎藤慎太郎,○,,
2025-04-30,棋王戦,予選,●,井出隼平,吉池隆真,○,,
2025-04-30,王将戦,一次予選,○,黒田尭之,山崎隆之,●,,
2025-05-01,竜王戦,3組 昇決,●,大石直嗣,行方尚史,○,,
2025-05-01,竜王戦,4組,○,狩山幹生,青嶋未来,●,,
2025-05-01,竜王戦,4組 昇決,○,村山慈明,高橋道雄,●,,
2025-05-01,竜王戦,4組 昇決,○,折田翔吾,飯島栄治,●,,
2025-05-01,竜王戦,5組 昇決,●,矢倉規広,門倉啓太,○,,
2025-05-01,竜王戦,6組,○,古森悠太,獺ヶ口笑保人,●,,
2025-05-01,竜王戦,6組 昇決,□,森下卓,小倉久史,■,,
2025-05-01,竜王戦,6組 昇決,○,中村亮介,神谷広志,●,,
2025-05-01,竜王戦,6組 昇決,●,長沼洋,神崎健二,○,,
2025-05-01,棋王戦,予選,●,木村一基,小山直希,○,,
2025-05-02,竜王戦,4組,○,石田直裕,井田明宏,●,,
2025-05-02,竜王戦,5組,●,山本博志,山下数毅三段,○,,
2025-05-02,竜王戦,5組,●,長谷部浩平,高田明浩,○,,
2025-05-02,竜王戦,5組 昇決,○,藤本渚,藤森哲也,●,,
2025-05-02,竜王戦,6組,○,上野裕寿,平藤真吾,●,,
2025-05-02,竜王戦,6組 昇決,○,泉正樹,豊川孝弘,●,,
2025-05-02,竜王戦,6組 昇決,○,上村亘,田中悠一,●,,
2025-05-02,竜王戦,6組 昇決,○,黒田尭之,安用寺孝功,●,,
2025-05-02,王位戦,挑決リーグ,○,丸山忠久,八代弥,●,,
2025-05-02,王座戦,挑決トーナメント,●,鈴木大介,斎藤明日斗,○,,
2025-05-02,棋王戦,予選,○,小山怜央,高野智史,●,,
2025-05-02,棋王戦,予選,●,村中秀史,杉本和陽,○,,
2025-05-02,王将戦,一次予選,○,石井健太郎,郷田真隆,●,,
2025-05-02,王将戦,一次予選,○,片上大輔,佐々木大地,●,,
2025-05-02,王将戦,一次予選,○,岡部怜央,柵木幹太,●,,
2025-05-02,王将戦,一次予選,●,深浦康市,松尾歩,○,,
2025-05-03,王座戦,挑決トーナメント,●,佐々木勇気,永瀬拓矢,○,,
2025-05-04,叡王戦,第3局,○,伊藤匠,斎藤慎太郎,●,,
2025-05-07,竜王戦,5組 昇決,○,中川大輔,田村康介,●,,
2025-05-07,王位戦,挑決リーグ,○,羽生善治,杉本和陽,●,,
2025-05-07,王位戦,挑決リーグ,○,佐々木大地,丸山忠久,●,,
2025-05-07,王位戦,挑決リーグ,●,都成竜馬,永瀬拓矢,○,,
2025-05-07,王位戦,挑決リーグ,●,大橋貴洸,佐々木勇気,○,,
2025-05-07,王位戦,挑決リーグ,○,古賀悠聖,斎藤慎太郎,●,,
2025-05-07,王位戦,挑決リーグ,■,渡辺明,八代弥,□,,
2025-05-08,竜王戦,4組 昇決,●,野月浩貴,北島忠雄,○,,
2025-05-08,竜王戦,6組,○,古森悠太,小山直希,●,,
2025-05-08,竜王戦,6組 昇決,●,日浦市郎,佐藤秀司,○,,
2025-05-08,棋王戦,予選,○,戸辺誠,松本佳介,●,,
2025-05-08,棋王戦,予選,○,遠山雄亮,星野良生,●,,
2025-05-09,棋王戦,予選,○,及川拓馬,松尾歩,●,,
2025-05-09,棋王戦,予選,●,阿部健治郎,梶浦宏孝,○,,
2025-05-09,名人戦,第3局,●,永瀬拓矢,藤井聡太,○,,
2025-05-12,竜王戦,5組,○,山下数毅三段,高田明浩,●,千日手,
2025-05-12,王将戦,一次予選,●,村中秀史,小山怜央,○,,
2025-05-13,竜王戦,2組,●,羽生善治,永瀬拓矢,○,,
2025-05-13,竜王戦,3組 昇決,●,佐藤和俊,鈴木大介,○,,
2025-05-13,竜王戦,6組,●,上野裕寿,谷合廣紀,○,,
2025-05-13,王将戦,一次予選,○,三枚堂達也,梶浦宏孝,●,,
2025-05-13,王将戦,一次予選,●,松本佳介,片上大輔,○,,
2025-05-14,竜王戦,1組 出決,○,郷田真隆,広瀬章人,●,,
2025-05-14,竜王戦,4組 昇決,○,中村修,谷川浩司,●,,
2025-05-15,竜王戦,1組 出決,●,三浦弘行,森内俊之,○,,
2025-05-15,竜王戦,6組 昇決,●,有森浩三,齊藤裕也,○,,
2025-05-15,竜王戦,6組 昇決,○,佐藤慎一,藤原直哉,●,,
2025-05-16,竜王戦,3組,○,近藤誠也,服部慎一郎,●,,
2025-05-16,竜王戦,6組 昇決,○,今泉健司,宮本広志,●,,
2025-05-16,竜王戦,6組 昇決,●,牧野光則,畠山成幸,○,千日手,
2025-05-16,棋王戦,予選,●,関矢寛之アマ,佐々木大地,○,,
2025-05-16,棋王戦,予選,○,丸山忠久,杉本和陽,●,,
2025-05-16,王将戦,一次予選,●,横山泰明,及川拓馬,○,,
2025-05-17,青流戦,,●,炭崎俊毅,山下数毅三段,○,,
2025-05-17,青流戦,,●,齊藤裕也,徳田拳士,○,,
2025-05-17,名人戦,第4局,○,永瀬拓矢,藤井聡太,●,千日手,
2025-05-19,王座戦,挑決トーナメント,○,羽生善治,及川拓馬,●,,
2025-05-19,王将戦,一次予選,●,古賀悠聖,石川優太,○,,
2025-05-20,竜王戦,4組,○,石田直裕,狩山幹生,●,,
2025-05-20,王座戦,挑決トーナメント,○,屋敷伸之,斎藤明日斗,●,,
2025-05-20,棋王戦,予選,○,小山直希,飯島栄治,●,,
2025-05-20,王将戦,一次予選,●,青嶋未来,渡辺和史,○,,
2025-05-20,青流戦,,○,慶田義法アマ,渋江朔矢三段,●,,
2025-05-20,青流戦,,●,慶田義法アマ,柵木幹太,○,,
2025-05-21,棋王戦,予選,●,郷田真隆,山川泰熙,○,,
2025-05-21,棋王戦,予選,○,高田明浩,出口若武,●,,
2025-05-21,王将戦,一次予選,○,岡部怜央,石井健太郎,●,,
2025-05-21,棋聖戦,一次予選,○,折田翔吾,阿部隆,●,,
2025-05-21,棋聖戦,一次予選,○,折田翔吾,黒田尭之,●,,
2025-05-22,竜王戦,1組 出決,○,木村一基,菅井竜也,●,千日手,
2025-05-22,竜王戦,5組 残決,●,真田圭一,先崎学,○,,
2025-05-22,竜王戦,6組 昇決,○,柵木幹太,冨田誠也,●,,
2025-05-22,王位戦,挑決,○,永瀬拓矢,佐々木勇気,●,,
2025-05-22,棋王戦,予選,○,服部慎一郎,池永天志,●,,
2025-05-22,棋聖戦,一次予選,●,獺ヶ口笑保人,高橋道雄,○,,
2025-05-22,棋聖戦,一次予選,●,門倉啓太,高橋道雄,○,,
2025-05-22,棋聖戦,一次予選,●,豊川孝弘,中村亮介,○,,
2025-05-22,棋聖戦,一次予選,●,野月浩貴,中村亮介,○,,
2025-05-22,棋聖戦,一次予選,○,今泉健司,浦野真彦,●,,
2025-05-22,棋聖戦,一次予選,○,井田明宏,山本真也,●,,
2025-05-22,棋聖戦,一次予選,○,今泉健司,井田明宏,●,,
2025-05-23,竜王戦,3組 昇決,○,三枚堂達也,村中秀史,●,,
2025-05-23,竜王戦,6組 昇決,●,瀬川晶司,上村亘,○,,
2025-05-23,竜王戦,6組 昇決,●,松本佳介,森下卓,○,,
2025-05-23,竜王戦,6組 昇決,○,黒田尭之,神崎健二,●,,
2025-05-23,棋聖戦,一次予選,○,吉池隆真,近藤正和,●,,
2025-05-23,棋聖戦,一次予選,●,佐藤紳哉,阿部光瑠,○,,
2025-05-23,棋聖戦,一次予選,●,吉池隆真,阿部光瑠,○,,
2025-05-23,棋聖戦,一次予選,○,佐藤秀司,金井恒太,●,,
2025-05-23,棋聖戦,一次予選,●,山本博志,窪田義行,○,,
2025-05-23,棋聖戦,一次予選,○,窪田義行,佐藤秀司,●,,
2025-05-23,棋聖戦,一次予選,○,大平武洋,田中悠一,●,,
2025-05-23,棋聖戦,一次予選,●,星野良生,井出隼平,○,,
2025-05-23,棋聖戦,一次予選,●,大平武洋,井出隼平,○,,
2025-05-26,叡王戦,第4局,○,斎藤慎太郎,伊藤匠,●,,
2025-05-26,竜王戦,2組,○,永瀬拓矢,高見泰地,●,,
2025-05-26,竜王戦,6組 昇決,○,宮嶋健太,泉正樹,●,,
2025-05-26,棋王戦,予選,○,小山怜央,及川拓馬,●,,
2025-05-27,棋王戦,予選,○,小山直希,山川泰熙,●,,
2025-05-27,棋王戦,予選,○,梶浦宏孝,丸山忠久,●,,
2025-05-28,竜王戦,1組,●,佐々木勇気,八代弥,○,,
2025-05-28,竜王戦,2組 昇決,○,豊島将之,佐藤天彦,●,,
2025-05-28,竜王戦,5組 残決,○,千葉幸生,窪田義行,●,,
2025-05-28,棋王戦,予選,○,藤本渚,古賀悠聖,●,,
2025-05-28,棋聖戦,一次予選,○,高野智史,岡部怜央,●,千日手,
2025-05-28,棋聖戦,一次予選,●,高野智史,三枚堂達也,○,,
2025-05-28,棋聖戦,一次予選,○,岡崎洋,神谷広志,●,,
2025-05-28,棋聖戦,一次予選,○,岡崎洋,先崎学,●,,
2025-05-28,棋聖戦,一次予選,○,牧野光則,矢倉規広,●,,
2025-05-28,棋聖戦,一次予選,○,牧野光則,杉本昌隆,●,,
2025-05-28,棋聖戦,一次予選,●,村田智弘,脇謙二,○,,
2025-05-28,棋聖戦,一次予選,●,脇謙二,冨田誠也,○,,
2025-05-29,竜王戦,4組 残決,○,黒沢怜生,飯塚祐紀,●,,
2025-05-29,竜王戦,5組 残決,●,小林裕士,井上慶太,○,,
2025-05-29,竜王戦,6組,○,谷合廣紀,古森悠太,●,,
2025-05-29,王座戦,挑決トーナメント,●,菅井竜也,羽生善治,○,,
2025-05-29,棋聖戦,一次予選,●,遠山雄亮,伊藤真吾,○,,
2025-05-29,棋聖戦,一次予選,●,伊藤真吾,片上大輔,○,,
2025-05-29,棋聖戦,一次予選,○,西川和宏,神崎健二,●,,
2025-05-29,棋聖戦,一次予選,○,畠山鎮,西川和宏,●,,
2025-05-29,青流戦,,●,廣森航汰三段,小窪碧三段,○,,
2025-05-29,青流戦,,○,古井丈大三段,小窪碧三段,●,,
2025-05-29,青流戦,,●,木村友亮三段,宮原暁月三段,○,,
2025-05-29,青流戦,,●,宮原暁月三段,吉池隆真,○,,
2025-05-29,名人戦,第5局,○,藤井聡太,永瀬拓矢,●,千日手,
2025-05-30,竜王戦,1組 出決,○,松尾歩,郷田真隆,●,,
2025-05-30,竜王戦,3組 昇決,●,行方尚史,屋敷伸之,○,,
2025-05-30,竜王戦,4組 残決,●,杉本昌隆,石川優太,○,,
2025-05-30,棋王戦,予選,●,戸辺誠,佐々木大地,○,,
2025-05-30,棋王戦,予選,●,船江恒平,高田明浩,○,,
2025-05-30,棋聖戦,一次予選,○,真田圭一,高橋佑二郎,●,,
2025-05-30,棋聖戦,一次予選,●,堀口一史座,所司和晴,○,,
2025-05-30,棋聖戦,一次予選,○,真田圭一,所司和晴,●,,
2025-05-30,棋聖戦,一次予選,○,日浦市郎,松本佳介,●,,
2025-05-30,棋聖戦,一次予選,●,日浦市郎,宮田敦史,○,,
2025-05-30,青流戦,,○,村上邦和三段,北村啓太郎三段,●,,
2025-05-30,青流戦,,○,村上邦和三段,齊藤優希,●,,
2025-05-31,青流戦,,○,村田楽三段,上田洋アマ,●,,
2025-05-31,青流戦,,●,村田楽三段,生垣寛人三段,○,,
2025-05-31,王将戦,一次予選,○,大橋貴洸,斎藤慎太郎,●,,
2025-06-02,竜王戦,3組 昇決,○,高野智史,鈴木大介,●,,
2025-06-02,王将戦,一次予選,●,松尾歩,三枚堂達也,○,,
2025-06-02,棋聖戦,一次予選,●,勝又清和,千葉幸生,○,,
2025-06-02,棋聖戦,一次予選,○,飯塚祐紀,千葉幸生,●,,
2025-06-03,棋聖戦,第1局,●,杉本和陽,藤井聡太,○,,
2025-06-03,竜王戦,2組 昇決,●,澤田真吾,阿久津主税,○,,
2025-06-03,竜王戦,4組 残決,○,西尾明,船江恒平,●,,
2025-06-03,竜王戦,5組 昇決,●,竹内雄悟,門倉啓太,○,,
2025-06-03,棋王戦,予選,○,吉池隆真,遠山雄亮,●,,
2025-06-03,王将戦,一次予選,○,石川優太,狩山幹生,●,,
2025-06-03,棋聖戦,一次予選,●,塚田泰明,北島忠雄,○,,
2025-06-03,棋聖戦,一次予選,○,梶浦宏孝,瀬川晶司,●,,
2025-06-03,棋聖戦,一次予選,○,北島忠雄,梶浦宏孝,●,,
2025-06-03,棋聖戦,一次予選,○,長谷部浩平,富岡英作,●,,
2025-06-03,棋聖戦,一次予選,●,飯島栄治,長谷部浩平,○,,
2025-06-03,棋聖戦,一次予選,●,宮本広志,横山友紀,○,,
2025-06-03,棋聖戦,一次予選,○,井上慶太,横山友紀,●,,
2025-06-03,達人戦,予選,○,泉正樹,真田圭一,●,,
2025-06-03,達人戦,予選,●,泉正樹,三浦弘行,○,,
2025-06-03,達人戦,予選,○,堀口一史座,森下卓,●,,
2025-06-03,達人戦,予選,○,堀口一史座,高橋道雄,●,,
2025-06-03,青流戦,,○,吉田桂悟三段,谷合廣紀,●,,
2025-06-03,青流戦,,●,山川泰熙,永井大三段,○,,
2025-06-04,竜王戦,4組 残決,○,伊藤真吾,宮田敦史,●,,
2025-06-04,竜王戦,6組 昇決,○,岡崎洋,所司和晴,●,,
2025-06-04,王座戦,挑決トーナメント,○,伊藤匠,永瀬拓矢,●,千日手,
2025-06-04,王座戦,挑決トーナメント,○,広瀬章人,郷田真隆,●,,
2025-06-04,王将戦,一次予選,○,小山怜央,及川拓馬,●,千日手,
2025-06-04,棋聖戦,一次予選,○,長岡裕也,藤原直哉,●,,
2025-06-04,棋聖戦,一次予選,●,長岡裕也,出口若武,○,,
2025-06-04,新人戦,,●,岡部怜央,古井丈大三段,○,,
2025-06-04,新人戦,,●,高橋佑二郎,服部慎一郎,○,,
2025-06-05,竜王戦,2組 昇決,○,都成竜馬,深浦康市,●,,
2025-06-05,竜王戦,5組 昇決,○,井出隼平,北浜健介,●,,
2025-06-05,竜王戦,6組 昇決,●,齊藤裕也,佐藤慎一,○,,
2025-06-05,竜王戦,6組 昇決,○,今泉健司,畠山成幸,●,千日手,
2025-06-05,棋王戦,挑決トーナメント,●,石井健太郎,糸谷哲郎,○,,
2025-06-05,王将戦,一次予選,○,渡辺和史,片上大輔,●,,
2025-06-05,王将戦,一次予選,○,大橋貴洸,黒田尭之,●,,
2025-06-05,棋聖戦,一次予選,○,安用寺孝功,小林裕士,●,,
2025-06-05,棋聖戦,一次予選,●,平藤真吾,狩山幹生,○,,
2025-06-05,棋聖戦,一次予選,●,安用寺孝功,狩山幹生,○,,
2025-06-09,棋王戦,挑決トーナメント,●,三浦弘行,山崎隆之,○,,
2025-06-10,棋聖戦,一次予選,●,小倉久史,渡辺正和,○,,
2025-06-10,棋聖戦,一次予選,○,小山怜央,藤森哲也,●,,
2025-06-10,棋聖戦,一次予選,○,小山怜央,渡辺正和,●,,
2025-06-10,棋聖戦,一次予選,○,黒沢怜生,泉正樹,●,,
2025-06-10,棋聖戦,一次予選,○,上村亘,佐藤慎一,●,,
2025-06-10,棋聖戦,一次予選,●,上村亘,黒沢怜生,○,,
2025-06-10,棋聖戦,一次予選,○,阿部健治郎,高野秀行,●,,
2025-06-10,棋聖戦,一次予選,○,小山直希,西山朋佳,●,,
2025-06-10,棋聖戦,一次予選,○,阿部健治郎,小山直希,●,,
2025-06-10,棋聖戦,一次予選,○,阪口悟,中田功,●,,
2025-06-10,棋聖戦,一次予選,●,徳田拳士,高田明浩,○,,
2025-06-10,棋聖戦,一次予選,●,阪口悟,高田明浩,○,,
2025-06-10,棋聖戦,一次予選,○,船江恒平,齊藤裕也,●,,
2025-06-10,棋聖戦,一次予選,●,船江恒平,都成竜馬,○,,
2025-06-10,達人戦,予選,○,飯塚祐紀,平藤真吾,●,,
2025-06-10,達人戦,予選,○,飯塚祐紀,藤井猛,●,,
2025-06-10,達人戦,予選,●,中川大輔,松本佳介,○,,
2025-06-10,達人戦,予選,○,郷田真隆,松本佳介,●,,
2025-06-10,達人戦,予選,●,神谷広志,岡崎洋,○,,
2025-06-10,達人戦,予選,○,岡崎洋,島朗,●,,
2025-06-11,竜王戦,4組 昇決,●,折田翔吾,渡辺和史,○,,
2025-06-11,竜王戦,6組 昇決,○,黒田尭之,吉池隆真,●,,
2025-06-11,棋聖戦,一次予選,●,島本亮,炭崎俊毅,○,,
2025-06-11,棋聖戦,一次予選,●,柵木幹太,上野裕寿,○,,
2025-06-11,棋聖戦,一次予選,●,上野裕寿,炭崎俊毅,○,,
2025-06-11,達人戦,予選,○,畠山鎮,脇謙二,●,,
2025-06-11,達人戦,予選,○,山本真也,畠山成幸,●,,
2025-06-11,達人戦,予選,○,畠山鎮,山本真也,●,,
2025-06-12,竜王戦,5組 昇決,●,片上大輔,斎藤明日斗,○,,
2025-06-12,順位戦,B級1組,○,佐藤康光,服部慎一郎,●,,
2025-06-12,順位戦,B級1組,●,石井健太郎,大石直嗣,○,,
2025-06-12,順位戦,B級1組,○,澤田真吾,青嶋未来,●,,
2025-06-12,順位戦,B級1組,○,大橋貴洸,高見泰地,●,,
2025-06-12,順位戦,C級2組,○,杉本和陽,高橋道雄,●,,
2025-06-12,順位戦,C級2組,○,日浦市郎,森下卓,●,,
2025-06-12,順位戦,C級2組,○,佐藤紳哉,佐藤秀司,●,,
2025-06-12,順位戦,C級2組,●,金井恒太,井出隼平,○,,
2025-06-12,順位戦,C級2組,●,渡辺大夢,谷合廣紀,○,,
2025-06-12,順位戦,C級2組,○,遠山雄亮,窪田義行,●,,
2025-06-12,順位戦,C級2組,●,森本才跳,田中悠一,○,,
2025-06-12,順位戦,C級2組,○,井田明宏,真田圭一,●,,
2025-06-12,順位戦,C級2組,●,北島忠雄,石川優太,○,,
2025-06-12,達人戦,予選,○,野月浩貴,富岡英作,●,,
2025-06-12,達人戦,予選,○,野月浩貴,木村一基,●,,
2025-06-12,達人戦,予選,○,浦野真彦,中田功,●,,
2025-06-12,達人戦,予選,○,今泉健司,藤原直哉,●,,
2025-06-12,達人戦,予選,○,今泉健司,浦野真彦,●,,
2025-06-13,王座戦,挑決トーナメント,○,羽生善治,屋敷伸之,●,,
2025-06-13,棋聖戦,一次予選,○,宮嶋健太,村中秀史,●,,
2025-06-13,棋聖戦,一次予選,○,齊藤優希,田村康介,●,,
2025-06-13,棋聖戦,一次予選,●,宮嶋健太,齊藤優希,○,,
2025-06-13,達人戦,予選,●,神崎健二,矢倉規広,○,,
2025-06-13,達人戦,予選,●,南芳一,矢倉規広,○,,
2025-06-13,新人戦,,●,狩山幹生,柵木幹太,○,,
2025-06-14,叡王戦,第5局,●,斎藤慎太郎,伊藤匠,○,,
2025-06-15,青流戦,,○,関祐人三段,天野啓吾アマ,●,,
2025-06-15,青流戦,,●,関祐人三段,横山友紀,○,,
2025-06-17,順位戦,C級1組,○,中村修,畠山鎮,●,,
2025-06-17,順位戦,C級1組,●,野月浩貴,先崎学,○,,
2025-06-17,順位戦,C級1組,○,都成竜馬,中川大輔,●,,
2025-06-17,順位戦,C級1組,○,飯島栄治,阿部健治郎,●,,
2025-06-17,順位戦,C級1組,●,宮田敦史,三枚堂達也,○,,
2025-06-17,順位戦,C級1組,○,池永天志,西尾明,●,,
2025-06-17,順位戦,C級1組,○,岡部怜央,片上大輔,●,,
2025-06-17,順位戦,C級1組,●,井上慶太,高田明浩,○,,
2025-06-17,順位戦,C級1組,●,阿部隆,西田拓也,○,,
2025-06-17,順位戦,C級1組,●,畠山成幸,村田顕弘,○,,
2025-06-17,順位戦,C級1組,●,上野裕寿,高崎一生,○,,
2025-06-17,順位戦,C級1組,○,船江恒平,宮本広志,●,,
2025-06-17,順位戦,C級1組,○,出口若武,古森悠太,●,,
2025-06-17,順位戦,C級1組,○,黒田尭之,杉本昌隆,●,,
2025-06-17,順位戦,C級1組,●,冨田誠也,飯塚祐紀,○,,
2025-06-17,棋王戦,挑決トーナメント,●,斎藤慎太郎,佐藤康光,○,,
2025-06-18,棋聖戦,第2局,○,藤井聡太,杉本和陽,●,,
2025-06-18,竜王戦,6組 昇決,●,塚田泰明,柵木幹太,○,,
2025-06-18,順位戦,B級2組,○,羽生善治,斎藤明日斗,●,,
2025-06-18,順位戦,B級2組,○,丸山忠久,藤井猛,●,,
2025-06-18,順位戦,B級2組,●,深浦康市,郷田真隆,○,,
2025-06-18,順位戦,B級2組,○,三浦弘行,松尾歩,●,千日手,
2025-06-18,順位戦,B級2組,○,行方尚史,木村一基,●,,
2025-06-18,順位戦,B級2組,○,戸辺誠,鈴木大介,●,,
2025-06-18,順位戦,B級2組,●,渡辺和史,阿久津主税,○,,
2025-06-18,順位戦,B級2組,○,横山泰明,佐藤和俊,●,,
2025-06-18,順位戦,B級2組,○,谷川浩司,北浜健介,●,,
2025-06-18,順位戦,B級2組,●,屋敷伸之,藤本渚,○,,
2025-06-18,順位戦,B級2組,●,佐々木慎,久保利明,○,,
2025-06-18,順位戦,B級2組,●,古賀悠聖,山崎隆之,○,,
2025-06-18,順位戦,B級2組,●,及川拓馬,村山慈明,○,,
2025-06-19,順位戦,B級1組,○,伊藤匠,菅井竜也,●,千日手,
2025-06-19,順位戦,C級2組,●,田村康介,吉池隆真,○,,
2025-06-19,順位戦,C級2組,●,千葉幸生,宮嶋健太,○,,
2025-06-19,順位戦,C級2組,●,村中秀史,黒沢怜生,○,,
2025-06-19,順位戦,C級2組,○,梶浦宏孝,阿部光瑠,●,,
2025-06-19,順位戦,C級2組,●,瀬川晶司,八代弥,○,,
2025-06-19,順位戦,C級2組,○,中村亮介,高橋佑二郎,●,,
2025-06-19,順位戦,C級2組,●,本田奎,小山怜央,○,,
2025-06-19,順位戦,C級2組,○,山本博志,藤森哲也,●,,
2025-06-19,順位戦,C級2組,●,上村亘,山川泰熙,○,,
2025-06-19,順位戦,C級2組,○,星野良生,齊藤優希,●,,
2025-06-19,順位戦,C級2組,●,牧野光則,佐々木大地,○,,
2025-06-19,順位戦,C級2組,○,高野智史,西川和宏,●,,
2025-06-19,順位戦,C級2組,●,今泉健司,折田翔吾,○,,
2025-06-19,順位戦,C級2組,○,小山直希,阪口悟,●,,
2025-06-19,順位戦,C級2組,●,炭崎俊毅,長谷部浩平,○,,
2025-06-19,順位戦,C級2組,○,獺ヶ口笑保人,徳田拳士,●,,
2025-06-19,順位戦,C級2組,●,横山友紀,伊藤真吾,○,,
2025-06-19,順位戦,C級2組,●,佐藤慎一,狩山幹生,○,,
2025-06-19,順位戦,C級2組,●,齊藤裕也,石田直裕,○,,
2025-06-20,順位戦,A級,○,増田康宏,佐藤天彦,●,,
2025-06-20,順位戦,A級,●,中村太地,永瀬拓矢,○,,
2025-06-20,棋王戦,挑決トーナメント,●,大橋貴洸,高見泰地,○,,
2025-06-20,達人戦,予選,●,豊川孝弘,日浦市郎,○,,
2025-06-20,達人戦,予選,●,近藤正和,窪田義行,○,,
2025-06-20,達人戦,予選,●,窪田義行,日浦市郎,○,,
2025-06-21,JT杯,,○,佐々木勇気,羽生善治,●,,
2025-06-23,竜王戦,3組 昇決,●,三枚堂達也,石井健太郎,○,,
2025-06-23,順位戦,A級,○,近藤誠也,千田翔太,●,,
2025-06-23,青流戦,,○,山口裕誠三段,片山史龍三段,●,,
2025-06-23,青流戦,,●,是枝直樹三段,山口裕誠三段,○,,
2025-06-24,竜王戦,4組 昇決,●,杉本和陽,戸辺誠,○,,
2025-06-24,竜王戦,6組 昇決,○,小山怜央,佐藤秀司,●,,
2025-06-24,王座戦,挑決トーナメント,○,伊藤匠,広瀬章人,●,,
2025-06-24,達人戦,予選,●,鈴木大介,先崎学,○,,
2025-06-24,達人戦,予選,○,深浦康市,先崎学,●,,
2025-06-24,達人戦,予選,●,小倉久史,北島忠雄,○,,
2025-06-24,達人戦,予選,●,北島忠雄,森内俊之,○,,
2025-06-24,新人戦,,●,上野裕寿,吉池隆真,○,,
2025-06-25,竜王戦,決勝トーナメント,○,谷合廣紀,山下数毅三段,●,,
2025-06-25,竜王戦,5組 昇決,●,井出隼平,阿部隆,○,,
2025-06-25,竜王戦,6組 昇決,○,宮嶋健太,上村亘,●,,
2025-06-25,竜王戦,6組 昇決,●,岡崎洋,森下卓,○,,
2025-06-25,順位戦,A級,●,豊島将之,糸谷哲郎,○,,
2025-06-25,順位戦,B級1組,○,稲葉陽,斎藤慎太郎,●,,
2025-06-25,青流戦,,○,高橋佑二郎,小山直希,●,,
2025-06-26,竜王戦,2組 昇決,○,阿久津主税,都成竜馬,●,,
2025-06-26,竜王戦,2組 昇決,●,藤井猛,池永天志,○,,
2025-06-26,竜王戦,5組 残決,○,遠山雄亮,畠山鎮,●,,
2025-06-26,棋王戦,挑決トーナメント,●,羽生善治,大石直嗣,○,,
2025-06-27,竜王戦,3組 昇決,○,屋敷伸之,及川拓馬,●,,
2025-06-27,竜王戦,6組 昇決,○,古賀悠聖,今泉健司,●,千日手,
2025-06-27,竜王戦,6組 昇決,●,佐藤慎一,横山友紀,○,,
2025-06-27,棋聖戦,一次予選,●,本田奎,渡辺大夢,○,,
2025-06-27,棋聖戦,一次予選,●,山川泰熙,石田直裕,○,,
2025-06-27,棋聖戦,一次予選,○,石田直裕,渡辺大夢,●,,
2025-06-27,棋聖戦,一次予選,○,村田顕弘,石川優太,●,,
2025-06-27,王将戦,二次予選,○,増田康宏,岡部怜央,●,,
2025-06-27,青流戦,,○,清水将馬三段,川村悠人三段,●,,
2025-06-27,青流戦,,○,森本才跳,清水将馬三段,●,千日手,
2025-06-28,JT杯,,○,山崎隆之,丸山忠久,●,,
2025-06-29,朝日杯,一次予選,●,知花賢アマ,山川泰熙,○,,
2025-06-29,朝日杯,一次予選,○,小山直希,渡辺誠アマ,●,,
2025-06-29,朝日杯,一次予選,●,獺ヶ口笑保人,古田龍生アマ,○,,
2025-06-29,朝日杯,一次予選,●,宮嶋健太,伊藤誠悟アマ,○,,
2025-06-29,朝日杯,一次予選,○,吉池隆真,嶋村拓夢アマ,●,,
2025-06-29,朝日杯,一次予選,●,荒田敏史アマ,齊藤優希,○,,
2025-06-29,朝日杯,一次予選,●,白井亮太郎アマ,森本才跳,○,,
2025-06-29,朝日杯,一次予選,○,藤原結樹アマ,柵木幹太,●,,
2025-06-29,朝日杯,一次予選,●,山田祥五アマ,炭崎俊毅,○,,
2025-06-30,棋聖戦,第3局,●,杉本和陽,藤井聡太,○,,
2025-06-30,竜王戦,5組 昇決,○,川上猛,門倉啓太,●,,
2025-06-30,朝日杯,一次予選,●,西山朋佳,神谷広志,○,,
2025-06-30,朝日杯,一次予選,●,阿部光瑠,神谷広志,○,,
2025-07-01,竜王戦,決勝トーナメント,●,高見泰地,近藤誠也,○,,
2025-07-01,竜王戦,決勝トーナメント,○,石田直裕,谷合廣紀,●,,
2025-07-01,棋聖戦,一次予選,○,畠山成幸,池永天志,●,,
2025-07-01,棋聖戦,一次予選,○,古森悠太,竹内雄悟,●,,
2025-07-01,棋聖戦,一次予選,●,畠山成幸,古森悠太,○,,
2025-07-01,達人戦,予選,○,塚田泰明,高野秀行,●,,
2025-07-01,達人戦,予選,○,中村修,塚田泰明,●,,
2025-07-01,朝日杯,一次予選,○,本田奎,佐藤慎一,●,,
2025-07-02,竜王戦,5組 昇決,●,中川大輔,藤本渚,○,,
2025-07-02,竜王戦,6組 昇決,●,勝又清和,中村亮介,○,,
2025-07-02,棋王戦,挑決トーナメント,●,小山怜央,菅井竜也,○,,
2025-07-02,王将戦,二次予選,●,千田翔太,三枚堂達也,○,,
2025-07-02,朝日杯,一次予選,○,屋敷伸之,佐藤和俊,●,,
2025-07-02,朝日杯,一次予選,●,長谷部浩平,高崎一生,○,,
2025-07-02,朝日杯,一次予選,○,小倉久史,松本佳介,●,,
2025-07-02,朝日杯,一次予選,○,小倉久史,宮田敦史,●,,
2025-07-02,朝日杯,一次予選,●,矢倉規広,中田功,○,,
2025-07-02,朝日杯,一次予選,○,中田功,阪口悟,●,,
2025-07-02,朝日杯,一次予選,●,今泉健司,冨田誠也,○,,
2025-07-02,朝日杯,一次予選,○,狩山幹生,古賀悠聖,●,,
2025-07-02,朝日杯,一次予選,●,出口若武,西田拓也,○,,
2025-07-03,竜王戦,4組 昇決,●,阿部光瑠,大橋貴洸,○,,
2025-07-03,順位戦,C級2組,●,森下卓,渡辺大夢,○,,
2025-07-03,順位戦,C級2組,○,真田圭一,獺ヶ口笑保人,●,,
2025-07-03,順位戦,C級2組,○,伊藤真吾,佐藤紳哉,●,,
2025-07-03,順位戦,C級2組,●,田中悠一,金井恒太,○,,
2025-07-03,順位戦,C級2組,●,井出隼平,高野智史,○,,
2025-07-03,順位戦,C級2組,○,山川泰熙,山本博志,●,,
2025-07-03,順位戦,C級2組,○,藤森哲也,遠山雄亮,●,,
2025-07-03,順位戦,C級2組,●,西川和宏,井田明宏,○,,
2025-07-03,順位戦,C級2組,○,石川優太,杉本和陽,●,,
2025-07-03,順位戦,C級2組,●,窪田義行,炭崎俊毅,○,,
2025-07-03,順位戦,C級2組,○,宮嶋健太,森本才跳,●,,
2025-07-03,王座戦,挑決,●,羽生善治,伊藤匠,○,,
2025-07-03,棋王戦,挑決トーナメント,●,稲葉陽,佐々木勇気,○,,
2025-07-03,棋王戦,挑決トーナメント,●,服部慎一郎,山崎隆之,○,,
2025-07-03,達人戦,予選,○,杉本昌隆,井上慶太,●,,
2025-07-03,達人戦,予選,○,阿部隆,安用寺孝功,●,,
2025-07-03,達人戦,予選,●,阿部隆,杉本昌隆,○,,
2025-07-03,朝日杯,一次予選,●,北島忠雄,郷田真隆,○,,
2025-07-03,朝日杯,一次予選,●,日浦市郎,堀口一史座,○,,
2025-07-03,朝日杯,一次予選,●,堀口一史座,深浦康市,○,,
2025-07-04,竜王戦,決勝トーナメント,○,石田直裕,森内俊之,●,,
2025-07-04,順位戦,B級2組,○,木村一基,松尾歩,●,,
2025-07-04,棋王戦,挑決トーナメント,○,吉池隆真,豊島将之,●,,
2025-07-04,王将戦,二次予選,●,中村太地,渡辺和史,○,,
2025-07-04,朝日杯,一次予選,●,斎藤明日斗,佐々木大地,○,,
2025-07-04,朝日杯,一次予選,○,及川拓馬,上村亘,●,,
2025-07-04,朝日杯,一次予選,●,三浦弘行,梶浦宏孝,○,,
2025-07-04,朝日杯,一次予選,○,村田智弘,藤原直哉,●,,
2025-07-04,朝日杯,一次予選,●,村田智弘,横山友紀,○,,
2025-07-04,朝日杯,一次予選,○,上野裕寿,畠山鎮,●,,
2025-07-05,王位戦,第1局,○,藤井聡太,永瀬拓矢,●,千日手,
2025-07-06,朝日杯,一次予選,●,横山大樹アマ,高橋佑二郎,○,,
2025-07-08,順位戦,C級1組,○,飯塚祐紀,中村修,●,,
2025-07-08,順位戦,C級1組,○,杉本昌隆,飯島栄治,●,,
2025-07-08,順位戦,C級1組,○,高田明浩,宮田敦史,●,,
2025-07-08,順位戦,C級1組,○,片上大輔,黒田尭之,●,,
2025-07-08,順位戦,C級1組,●,高崎一生,出口若武,○,,
2025-07-08,順位戦,C級1組,○,古森悠太,阿部隆,●,,
2025-07-08,順位戦,C級1組,●,中川大輔,船江恒平,○,,
2025-07-08,順位戦,C級1組,●,畠山鎮,冨田誠也,○,,
2025-07-08,順位戦,C級1組,●,西尾明,都成竜馬,○,,
2025-07-08,順位戦,C級1組,●,宮本広志,岡部怜央,○,,
2025-07-08,順位戦,C級1組,○,先崎学,井上慶太,●,,
2025-07-08,順位戦,C級1組,●,村田顕弘,野月浩貴,○,,
2025-07-08,順位戦,C級1組,●,阿部健治郎,上野裕寿,○,,
2025-07-08,順位戦,C級1組,●,三枚堂達也,池永天志,○,,
2025-07-08,順位戦,C級1組,○,西田拓也,門倉啓太,●,,
2025-07-08,朝日杯,一次予選,○,平藤真吾,安用寺孝功,●,,
2025-07-08,朝日杯,一次予選,●,平藤真吾,石川優太,○,,
2025-07-08,青流戦,,○,宮嶋健太,大島綾華,●,,
2025-07-08,青流戦,,●,村上邦和三段,宮嶋健太,○,,
2025-07-09,竜王戦,決勝トーナメント,○,佐々木勇気,近藤誠也,●,,
2025-07-09,順位戦,B級2組,●,三浦弘行,羽生善治,○,,
2025-07-09,順位戦,B級2組,○,鈴木大介,丸山忠久,●,,
2025-07-09,順位戦,B級2組,○,郷田真隆,戸辺誠,●,,
2025-07-09,順位戦,B級2組,●,藤井猛,深浦康市,○,,
2025-07-09,順位戦,B級2組,○,斎藤明日斗,横山泰明,●,,
2025-07-09,順位戦,B級2組,●,佐藤和俊,渡辺和史,○,,
2025-07-09,順位戦,B級2組,○,村山慈明,谷川浩司,●,,
2025-07-09,順位戦,B級2組,○,山崎隆之,屋敷伸之,●,,
2025-07-09,順位戦,B級2組,○,久保利明,行方尚史,●,,
2025-07-09,順位戦,B級2組,●,藤本渚,及川拓馬,○,,
2025-07-09,順位戦,B級2組,●,北浜健介,佐々木慎,○,,
2025-07-09,順位戦,B級2組,●,阿久津主税,古賀悠聖,○,,
2025-07-09,青流戦,,●,内山あや,獺ヶ口笑保人,○,,
2025-07-10,竜王戦,決勝トーナメント,●,木村一基,永瀬拓矢,○,,
2025-07-10,順位戦,B級1組,○,伊藤匠,佐藤康光,●,,
2025-07-10,順位戦,B級1組,○,青嶋未来,石井健太郎,●,,
2025-07-10,順位戦,B級1組,●,大石直嗣,菅井竜也,○,,
2025-07-10,順位戦,B級1組,○,広瀬章人,稲葉陽,●,,
2025-07-10,順位戦,B級1組,○,服部慎一郎,澤田真吾,●,,
2025-07-10,順位戦,B級1組,○,斎藤慎太郎,大橋貴洸,●,,
2025-07-10,順位戦,C級2組,●,高橋道雄,星野良生,○,,
2025-07-10,順位戦,C級2組,●,佐藤秀司,梶浦宏孝,○,,
2025-07-10,順位戦,C級2組,○,八代弥,北島忠雄,●,,
2025-07-10,順位戦,C級2組,○,石田直裕,田村康介,●,,
2025-07-10,順位戦,C級2組,○,谷合廣紀,千葉幸生,●,,
2025-07-10,順位戦,C級2組,○,長谷部浩平,村中秀史,●,,
2025-07-10,順位戦,C級2組,○,阿部光瑠,瀬川晶司,●,,
2025-07-10,順位戦,C級2組,○,佐々木大地,小山直希,●,,
2025-07-10,順位戦,C級2組,○,黒沢怜生,中村亮介,●,,
2025-07-10,順位戦,C級2組,○,小山怜央,佐藤慎一,●,,
2025-07-10,順位戦,C級2組,○,阪口悟,上村亘,●,,
2025-07-10,順位戦,C級2組,○,折田翔吾,牧野光則,●,,
2025-07-10,順位戦,C級2組,○,齊藤優希,横山友紀,●,,
2025-07-10,順位戦,C級2組,○,狩山幹生,日浦市郎,●,,
2025-07-10,順位戦,C級2組,●,徳田拳士,本田奎,○,,
2025-07-10,順位戦,C級2組,○,高橋佑二郎,今泉健司,●,,
2025-07-10,順位戦,C級2組,○,吉池隆真,齊藤裕也,●,,
2025-07-11,王位戦,予選,●,神谷広志,島朗,○,,
2025-07-11,王位戦,予選,●,堀口一史座,近藤正和,○,,
2025-07-11,王位戦,予選,●,藤森哲也,所司和晴,○,,
2025-07-11,棋王戦,挑決トーナメント,●,佐藤天彦,千田翔太,○,,
2025-07-14,竜王戦,6組 昇決,●,島本亮,森下卓,○,,
2025-07-14,王位戦,予選,○,西川和宏,平藤真吾,●,,
2025-07-14,棋王戦,挑決トーナメント,●,小山直希,糸谷哲郎,○,,
2025-07-14,朝日杯,一次予選,○,高見泰地,木村一基,●,,
2025-07-14,朝日杯,一次予選,○,井出隼平,富岡英作,●,,
2025-07-14,朝日杯,一次予選,●,井出隼平,飯塚祐紀,○,,
2025-07-15,竜王戦,決勝トーナメント,●,松尾歩,石田直裕,○,,
2025-07-15,竜王戦,4組 昇決,●,中村修,北島忠雄,○,,
2025-07-15,王位戦,予選,●,日浦市郎,齊藤優希,○,,
2025-07-15,王位戦,予選,○,森本才跳,石川優太,●,,
2025-07-15,王位戦,予選,○,村田顕弘,出口若武,●,,
2025-07-15,王将戦,二次予選,●,小山怜央,稲葉陽,○,,
2025-07-15,朝日杯,一次予選,●,片上大輔,高野智史,○,,
2025-07-15,朝日杯,一次予選,○,八代弥,中村亮介,●,,
2025-07-15,朝日杯,一次予選,○,阿久津主税,真田圭一,●,,
2025-07-15,朝日杯,一次予選,○,田中悠一,三枚堂達也,●,,
2025-07-15,王位戦,第2局,○,藤井聡太,永瀬拓矢,●,,
2025-07-16,王位戦,予選,○,松本佳介,上村亘,●,,
2025-07-16,王位戦,予選,○,藤原直哉,牧野光則,●,,
2025-07-16,王位戦,予選,●,山崎隆之,狩山幹生,○,,
2025-07-16,朝日杯,一次予選,○,石井健太郎,佐藤紳哉,●,,
2025-07-16,朝日杯,一次予選,●,杉本和陽,青嶋未来,○,,
2025-07-16,朝日杯,一次予選,○,山本博志,村中秀史,●,,
2025-07-16,朝日杯,一次予選,○,西尾明,飯島栄治,●,,
2025-07-16,朝日杯,一次予選,○,渡辺和史,窪田義行,●,,
2025-07-17,竜王戦,5組 昇決,○,中村太地,斎藤明日斗,●,,
2025-07-17,竜王戦,5組 昇決,●,星野良生,阿部隆,○,,
2025-07-17,順位戦,A級,●,佐々木勇気,渡辺明,○,,
2025-07-17,王位戦,予選,●,長谷部浩平,高橋佑二郎,○,,
2025-07-17,王位戦,予選,○,小倉久史,高橋道雄,●,,
2025-07-17,王位戦,予選,●,長岡裕也,南芳一,○,,
2025-07-17,棋王戦,挑決トーナメント,●,高田明浩,広瀬章人,○,,
2025-07-17,朝日杯,一次予選,○,塚田泰明,高野秀行,●,,
2025-07-17,朝日杯,一次予選,○,塚田泰明,佐々木慎,●,,
2025-07-17,朝日杯,一次予選,○,阿部健治郎,門倉啓太,●,,
2025-07-17,朝日杯,一次予選,○,遠山雄亮,勝又清和,●,,
2025-07-17,朝日杯,一次予選,●,遠山雄亮,金井恒太,○,,
2025-07-17,朝日杯,一次予選,●,島朗,岡崎洋,○,,
2025-07-17,朝日杯,一次予選,●,岡崎洋,行方尚史,○,,
2025-07-17,朝日杯,一次予選,●,浦野真彦,神崎健二,○,,
2025-07-17,朝日杯,一次予選,○,杉本昌隆,神崎健二,●,,
2025-07-17,新人戦,,●,山川泰熙,徳田拳士,○,,
2025-07-18,王位戦,予選,●,竹内雄悟,井田明宏,○,,
2025-07-18,王位戦,予選,●,山本真也,今泉健司,○,,
2025-07-18,棋王戦,挑決トーナメント,●,梶浦宏孝,高見泰地,○,,
2025-07-18,王将戦,二次予選,○,大橋貴洸,佐藤天彦,●,,
2025-07-18,朝日杯,一次予選,●,大平武洋,田村康介,○,,
2025-07-18,朝日杯,一次予選,○,伊藤真吾,田村康介,●,,
2025-07-18,朝日杯,一次予選,○,小山怜央,所司和晴,●,,
2025-07-18,朝日杯,一次予選,○,岡部怜央,小山怜央,●,,
2025-07-18,朝日杯,一次予選,○,松尾歩,佐藤秀司,●,,
2025-07-18,朝日杯,一次予選,●,古田龍生アマ,横山泰明,○,,
2025-07-18,新人戦,,●,宮嶋健太,藤本渚,○,,
2025-07-21,朝日杯,一次予選,●,加藤桃子,長岡裕也,○,,
2025-07-21,朝日杯,一次予選,○,長岡裕也,船江恒平,●,,
2025-07-22,竜王戦,決勝トーナメント,○,石田直裕,八代弥,●,千日手,
2025-07-22,竜王戦,決勝トーナメント,○,佐々木勇気,永瀬拓矢,●,,
2025-07-22,王位戦,予選,○,泉正樹,森下卓,●,,
2025-07-22,王位戦,予選,○,吉池隆真,高野秀行,●,,
2025-07-22,王位戦,予選,●,佐藤天彦,阿久津主税,○,,
2025-07-22,王位戦,予選,●,冨田誠也,上野裕寿,○,千日手,
2025-07-22,王位戦,予選,●,齊藤裕也,柵木幹太,○,,
2025-07-22,棋聖戦,一次予選,●,谷合廣紀,西尾明,○,,
2025-07-22,棋聖戦,一次予選,○,西尾明,中川大輔,●,,
2025-07-23,王位戦,予選,●,門倉啓太,青嶋未来,○,,
2025-07-23,王位戦,予選,●,佐々木慎,三枚堂達也,○,,
2025-07-23,王位戦,予選,●,岡崎洋,田村康介,○,,
2025-07-23,王位戦,予選,○,佐藤和俊,郷田真隆,●,,
2025-07-23,王位戦,予選,○,横山友紀,折田翔吾,●,,
2025-07-23,棋王戦,挑決トーナメント,●,藤本渚,伊藤匠,○,,
2025-07-23,朝日杯,一次予選,●,先崎学,齊藤優希,○,,
2025-07-23,朝日杯,一次予選,○,島本亮,山本真也,●,,
2025-07-23,朝日杯,一次予選,○,古森悠太,島本亮,●,,
2025-07-24,順位戦,C級2組,○,高橋道雄,北島忠雄,●,,
2025-07-24,順位戦,C級2組,●,日浦市郎,梶浦宏孝,○,,
2025-07-24,順位戦,C級2組,○,瀬川晶司,真田圭一,●,,
2025-07-24,順位戦,C級2組,○,渡辺大夢,伊藤真吾,●,,
2025-07-24,順位戦,C級2組,○,高野智史,藤森哲也,●,,
2025-07-24,順位戦,C級2組,○,星野良生,井出隼平,●,,
2025-07-24,順位戦,C級2組,○,高橋佑二郎,長谷部浩平,●,,
2025-07-24,順位戦,C級2組,●,佐藤慎一,遠山雄亮,○,,
2025-07-24,順位戦,C級2組,●,今泉健司,佐々木大地,○,,
2025-07-24,順位戦,C級2組,○,徳田拳士,阪口悟,●,,
2025-07-24,順位戦,C級2組,○,小山怜央,西川和宏,●,,
2025-07-24,順位戦,C級2組,●,森本才跳,黒沢怜生,○,,
2025-07-24,王位戦,予選,●,脇謙二,浦野真彦,○,,
2025-07-24,朝日杯,一次予選,○,竹内雄悟,南芳一,●,,
2025-07-24,朝日杯,一次予選,●,竹内雄悟,久保利明,○,,
2025-07-24,朝日杯,一次予選,●,齊藤裕也,大石直嗣,○,,
2025-07-25,竜王戦,挑戦者決定三番勝負第1局,●,石田直裕,佐々木勇気,○,,
2025-07-25,竜王戦,6組 昇決,○,宮嶋健太,西田拓也,●,,
2025-07-25,王位戦,予選,○,山川泰熙,田中悠一,●,,
2025-07-25,王位戦,予選,○,本田奎,村中秀史,●,,
2025-07-25,王位戦,予選,○,獺ヶ口笑保人,富岡英作,●,,
2025-07-25,王位戦,予選,●,佐藤秀司,山本博志,○,,
2025-07-25,王位戦,予選,●,神崎健二,炭崎俊毅,○,,
2025-07-25,王位戦,予選,●,畠山鎮,高田明浩,○,,
2025-07-25,王位戦,予選,●,北浜健介,宮本広志,○,,
2025-07-25,棋聖戦,一次予選,●,中村亮介,阿部健治郎,○,,
2025-07-25,王将戦,二次予選,●,谷川浩司,石川優太,○,,
2025-07-25,朝日杯,一次予選,○,戸辺誠,中村修,●,,
2025-07-26,JT杯,,○,広瀬章人,豊島将之,●,,
2025-07-28,王位戦,予選,○,島本亮,矢倉規広,●,,
2025-07-28,王位戦,予選,○,福間香奈,小林裕士,●,,
2025-07-28,青流戦,,○,高橋佑二郎,古井丈大三段,●,,
2025-07-28,青流戦,,●,祝井優希三段,小山怜央,○,,
2025-07-28,青流戦,,●,小山怜央,山口裕誠三段,○,,
2025-07-29,順位戦,C級1組,○,西田拓也,先崎学,●,,
2025-07-29,順位戦,C級1組,○,門倉啓太,畠山鎮,●,,
2025-07-29,順位戦,C級1組,○,岡部怜央,飯塚祐紀,●,,
2025-07-29,順位戦,C級1組,○,古森悠太,西尾明,●,,
2025-07-29,順位戦,C級1組,○,船江恒平,高崎一生,●,,
2025-07-29,順位戦,C級1組,○,井上慶太,宮田敦史,●,,
2025-07-29,順位戦,C級1組,●,中川大輔,高田明浩,○,,
2025-07-29,順位戦,C級1組,●,野月浩貴,池永天志,○,,
2025-07-29,順位戦,C級1組,●,村田顕弘,三枚堂達也,○,,
2025-07-29,順位戦,C級1組,○,宮本広志,冨田誠也,●,,
2025-07-29,順位戦,C級1組,●,黒田尭之,上野裕寿,○,,
2025-07-29,順位戦,C級1組,●,中村修,都成竜馬,○,,
2025-07-29,順位戦,C級1組,●,阿部隆,片上大輔,○,,
2025-07-29,順位戦,C級1組,○,杉本昌隆,畠山成幸,●,,
2025-07-29,順位戦,C級1組,●,出口若武,飯島栄治,○,,
2025-07-29,棋聖戦,一次予選,○,真田圭一,高橋道雄,●,,
2025-07-29,王位戦,第3局,●,永瀬拓矢,藤井聡太,○,,
2025-07-30,順位戦,A級,○,千田翔太,中村太地,●,,
2025-07-30,順位戦,B級2組,○,屋敷伸之,三浦弘行,●,,
2025-07-30,順位戦,B級2組,○,丸山忠久,郷田真隆,●,,
2025-07-30,順位戦,B級2組,●,佐々木慎,鈴木大介,○,,
2025-07-30,順位戦,B級2組,●,木村一基,斎藤明日斗,○,,
2025-07-30,順位戦,B級2組,●,及川拓馬,横山泰明,○,,
2025-07-30,順位戦,B級2組,●,渡辺和史,戸辺誠,○,,
2025-07-30,順位戦,B級2組,●,谷川浩司,松尾歩,○,,
2025-07-30,順位戦,B級2組,●,北浜健介,藤井猛,○,,
2025-07-30,順位戦,B級2組,○,阿久津主税,山崎隆之,●,,
2025-07-30,順位戦,B級2組,○,古賀悠聖,佐藤和俊,●,,
2025-07-30,順位戦,B級2組,●,羽生善治,藤本渚,○,,
2025-07-30,順位戦,B級2組,○,久保利明,深浦康市,●,,
2025-07-30,順位戦,B級2組,●,行方尚史,村山慈明,○,,
2025-07-30,王位戦,予選,●,豊川孝弘,渡辺大夢,○,,
2025-07-30,王位戦,予選,○,佐藤慎一,大平武洋,●,,
2025-07-31,順位戦,B級1組,○,大石直嗣,佐藤康光,●,,
2025-07-31,順位戦,B級1組,●,菅井竜也,青嶋未来,○,,
2025-07-31,順位戦,B級1組,●,高見泰地,服部慎一郎,○,,
2025-07-31,順位戦,B級1組,○,伊藤匠,稲葉陽,●,,
2025-07-31,順位戦,B級1組,●,斎藤慎太郎,広瀬章人,○,,
2025-07-31,順位戦,B級1組,○,澤田真吾,石井健太郎,●,,
2025-07-31,順位戦,C級2組,●,森下卓,谷合廣紀,○,,
2025-07-31,順位戦,C級2組,○,阿部光瑠,佐藤秀司,●,,
2025-07-31,順位戦,C級2組,○,窪田義行,獺ヶ口笑保人,●,,
2025-07-31,順位戦,C級2組,○,山本博志,佐藤紳哉,●,,
2025-07-31,順位戦,C級2組,○,中村亮介,千葉幸生,●,,
2025-07-31,順位戦,C級2組,○,石田直裕,村中秀史,●,,
2025-07-31,順位戦,C級2組,●,小山直希,金井恒太,○,,
2025-07-31,順位戦,C級2組,○,田中悠一,狩山幹生,●,千日手,
2025-07-31,順位戦,C級2組,○,齊藤優希,本田奎,●,,
2025-07-31,順位戦,C級2組,●,宮嶋健太,吉池隆真,○,,
2025-07-31,順位戦,C級2組,●,石川優太,八代弥,○,,
2025-07-31,順位戦,C級2組,○,牧野光則,杉本和陽,●,,
2025-07-31,順位戦,C級2組,○,炭崎俊毅,上村亘,●,,
2025-07-31,順位戦,C級2組,●,齊藤裕也,横山友紀,○,,
2025-07-31,順位戦,C級2組,○,折田翔吾,田村康介,●,,
2025-07-31,順位戦,C級2組,○,井田明宏,山川泰熙,●,,
2025-08-01,竜王戦,6組 昇決,○,小山怜央,近藤正和,●,,
2025-08-01,叡王戦,予選,●,富岡英作,渡辺明,○,,
2025-08-01,王位戦,予選,●,遠山雄亮,梶浦宏孝,○,,
2025-08-01,王位戦,予選,●,渡辺正和,伊藤沙恵,○,,
2025-08-01,王位戦,予選,○,徳田拳士,安用寺孝功,●,,
2025-08-01,棋聖戦,一次予選,●,福間香奈,森本才跳,○,,
2025-08-01,棋聖戦,一次予選,○,村田顕弘,森本才跳,●,,
2025-08-01,王将戦,二次予選,●,増田康宏,佐々木勇気,○,,
2025-08-01,朝日杯,一次予選,●,黒沢怜生,高橋佑二郎,○,,
2025-08-01,達人戦,予選,●,所司和晴,勝又清和,○,,
2025-08-02,JT杯,,●,菅井竜也,佐藤天彦,○,,
2025-08-03,朝日杯,一次予選,○,伊藤誠悟アマ,谷合廣紀,●,,
2025-08-04,王位戦,予選,○,中村亮介,伊藤真吾,●,,
2025-08-04,叡王戦,予選,●,長谷部浩平,山本博志,○,,
2025-08-04,棋王戦,挑決トーナメント,●,佐藤康光,永瀬拓矢,○,,
2025-08-04,朝日杯,一次予選,●,瀬川晶司,小山直希,○,,
2025-08-04,朝日杯,一次予選,○,渡辺正和,豊川孝弘,●,,
2025-08-04,朝日杯,一次予選,○,石田直裕,渡辺正和,●,,
2025-08-04,朝日杯,一次予選,○,福間香奈,小林裕士,●,,
2025-08-04,朝日杯,一次予選,●,福間香奈,斎藤慎太郎,○,,
2025-08-05,王位戦,予選,●,千田翔太,屋敷伸之,○,,
2025-08-05,王位戦,予選,●,窪田義行,藤井猛,○,,
2025-08-05,王位戦,予選,○,稲葉陽,今泉健司,●,,
2025-08-05,叡王戦,予選,○,黒田尭之,西田拓也,●,,
2025-08-05,棋王戦,挑決トーナメント,●,渡辺明,大石直嗣,○,,
2025-08-05,朝日杯,一次予選,○,高橋道雄,森下卓,●,,
2025-08-05,朝日杯,一次予選,○,野月浩貴,高橋道雄,●,,
2025-08-05,朝日杯,一次予選,○,近藤正和,藤森哲也,●,,
2025-08-05,朝日杯,一次予選,○,千葉幸生,近藤正和,●,,
2025-08-05,新人戦,,●,森本才跳,古賀悠聖,○,,
2025-08-06,王位戦,予選,○,岡部怜央,所司和晴,●,,
2025-08-06,王位戦,予選,●,井出隼平,小山怜央,○,,
2025-08-06,王位戦,予選,○,阿部光瑠,佐藤紳哉,●,,
2025-08-06,王位戦,予選,●,澤田真吾,谷川浩司,○,,
2025-08-06,王位戦,予選,●,船江恒平,畠山成幸,○,,
2025-08-06,王位戦,予選,○,村田智弘,中田功,●,,
2025-08-06,叡王戦,予選,○,松尾歩,神谷広志,●,,
2025-08-06,叡王戦,予選,○,阿部健治郎,松本佳介,●,,
2025-08-06,叡王戦,予選,●,金井恒太,高野智史,○,,
2025-08-06,叡王戦,予選,○,村山慈明,菅井竜也,●,,
2025-08-06,叡王戦,予選,○,冨田誠也,上野裕寿,●,,
2025-08-06,叡王戦,予選,○,杉本和陽,冨田誠也,●,,
2025-08-06,王将戦,二次予選,○,広瀬章人,三枚堂達也,●,,
2025-08-06,達人戦,予選,●,岡崎洋,郷田真隆,○,,
2025-08-06,青流戦,,○,永井大三段,横山友紀,●,千日手,
2025-08-06,青流戦,,●,獺ヶ口笑保人,吉池隆真,○,,
2025-08-06,青流戦,,○,吉池隆真,永井大三段,●,,
2025-08-07,竜王戦,挑戦者決定三番勝負第2局,○,佐々木勇気,石田直裕,●,,
2025-08-07,竜王戦,5組 昇決,●,阪口悟,藤本渚,○,,
2025-08-07,王位戦,予選,○,齊藤優希,丸山忠久,●,千日手,
2025-08-07,叡王戦,予選,●,門倉啓太,大平武洋,○,,
2025-08-07,叡王戦,予選,○,本田奎,大平武洋,●,,
2025-08-07,叡王戦,予選,●,飯島栄治,阿久津主税,○,,
2025-08-07,叡王戦,予選,○,青嶋未来,村中秀史,●,,
2025-08-07,叡王戦,予選,○,梶浦宏孝,青嶋未来,●,,
2025-08-07,叡王戦,予選,●,南芳一,山崎隆之,○,,
2025-08-07,叡王戦,予選,●,阿部隆,山崎隆之,○,,
2025-08-07,王将戦,二次予選,●,渡辺和史,伊藤匠,○,,
2025-08-07,朝日杯,一次予選,○,泉正樹,渡辺大夢,●,,
2025-08-07,朝日杯,一次予選,○,鈴木大介,泉正樹,●,,
2025-08-07,朝日杯,一次予選,●,黒田尭之,北浜健介,○,,
2025-08-07,新人戦,,○,服部慎一郎,徳田拳士,●,,
2025-08-08,順位戦,A級,●,佐藤天彦,豊島将之,○,,
2025-08-08,王位戦,予選,○,森内俊之,片上大輔,●,,
2025-08-08,王位戦,予選,●,谷合廣紀,瀬川晶司,○,,
2025-08-08,王位戦,予選,●,星野良生,宮嶋健太,○,,
2025-08-08,王位戦,予選,●,宮田敦史,西尾明,○,,
2025-08-08,叡王戦,予選,○,木村一基,島朗,●,,
2025-08-08,叡王戦,予選,●,真田圭一,近藤誠也,○,,
2025-08-08,叡王戦,予選,○,近藤誠也,増田康宏,●,,
2025-08-08,叡王戦,予選,○,及川拓馬,石井健太郎,●,,
2025-08-08,叡王戦,予選,●,及川拓馬,高見泰地,○,,
2025-08-08,叡王戦,予選,●,佐々木慎,戸辺誠,○,,
2025-08-08,叡王戦,予選,●,石川優太,古森悠太,○,,
2025-08-08,棋聖戦,一次予選,●,飯塚祐紀,黒沢怜生,○,,
2025-08-08,棋王戦,挑決トーナメント,●,中村太地,佐々木大地,○,,
2025-08-08,王将戦,二次予選,●,羽生善治,大橋貴洸,○,,
2025-08-08,朝日杯,一次予選,●,中川大輔,山川泰熙,○,,
2025-08-08,朝日杯,一次予選,●,牧野光則,井上慶太,○,,
2025-08-08,朝日杯,一次予選,○,高田明浩,宮本広志,●,,
2025-08-08,朝日杯,一次予選,●,村田顕弘,都成竜馬,○,,
2025-08-08,朝日杯,一次予選,○,都成竜馬,中田功,●,,
2025-08-08,達人戦,予選,●,日浦市郎,深浦康市,○,,
2025-08-09,JT杯,,●,佐々木勇気,藤井聡太,○,,
2025-08-11,順位戦,A級,○,永瀬拓矢,増田康宏,●,,
2025-08-12,竜王戦,4組 昇決,●,金井恒太,渡辺和史,○,,
2025-08-12,竜王戦,4組 昇決,○,大橋貴洸,渡辺大夢,●,千日手,
2025-08-12,竜王戦,6組 昇決,●,宮嶋健太,古賀悠聖,○,,
2025-08-12,順位戦,A級,■,渡辺明,近藤誠也,□,,
2025-08-12,王位戦,予選,○,小山直希,勝又清和,●,,
2025-08-12,王位戦,予選,●,獺ヶ口笑保人,高崎一生,○,,
2025-08-12,叡王戦,予選,○,佐藤慎一,渡辺正和,●,,
2025-08-12,叡王戦,予選,○,阿部光瑠,千葉幸生,●,,
2025-08-12,叡王戦,予選,○,宮田敦史,岡崎洋,●,,
2025-08-12,叡王戦,予選,○,杉本昌隆,神崎健二,●,,
2025-08-12,叡王戦,予選,○,杉本昌隆,畠山成幸,●,,
2025-08-12,朝日杯,一次予選,●,藤井猛,広瀬章人,○,,
2025-08-12,朝日杯,一次予選,○,吉池隆真,星野良生,●,,
2025-08-12,朝日杯,一次予選,○,吉池隆真,広瀬章人,●,,
2025-08-13,竜王戦,6組 昇決,●,小山怜央,黒田尭之,○,,
2025-08-13,王位戦,予選,●,島朗,高見泰地,○,,
2025-08-13,王位戦,予選,○,梶浦宏孝,中村修,●,,
2025-08-13,叡王戦,予選,●,泉正樹,飯塚祐紀,○,,
2025-08-13,叡王戦,予選,○,飯塚祐紀,中川大輔,●,,
2025-08-13,叡王戦,予選,●,所司和晴,佐藤和俊,○,,
2025-08-13,叡王戦,予選,●,佐藤和俊,佐々木大地,○,,
2025-08-13,叡王戦,予選,○,田村康介,豊川孝弘,●,,
2025-08-13,叡王戦,予選,○,三枚堂達也,田村康介,●,,
2025-08-13,叡王戦,予選,●,堀口一史座,日浦市郎,○,,
2025-08-13,叡王戦,予選,○,野月浩貴,日浦市郎,●,,
2025-08-13,叡王戦,予選,○,斎藤明日斗,島本亮,●,,
2025-08-13,叡王戦,予選,●,斎藤明日斗,黒沢怜生,○,,
2025-08-13,叡王戦,予選,●,山川泰熙,高橋佑二郎,○,,
2025-08-13,叡王戦,予選,●,宮本広志,阪口悟,○,,
2025-08-13,叡王戦,予選,○,池永天志,長岡裕也,●,,
2025-08-13,叡王戦,予選,○,池永天志,阪口悟,●,,
2025-08-13,叡王戦,予選,●,村田智弘,大石直嗣,○,,
2025-08-13,叡王戦,予選,○,都成竜馬,大石直嗣,●,,
2025-08-13,棋王戦,挑決トーナメント,○,伊藤匠,千田翔太,●,,
2025-08-13,王将戦,二次予選,○,豊島将之,石川優太,●,,
2025-08-13,朝日杯,一次予選,○,石井健太郎,深浦康市,●,,
2025-08-13,朝日杯,一次予選,○,青嶋未来,齊藤優希,●,,
2025-08-13,朝日杯,一次予選,●,石井健太郎,青嶋未来,○,,
2025-08-13,朝日杯,一次予選,○,西川和宏,藤原結樹アマ,●,,
2025-08-13,朝日杯,一次予選,●,西川和宏,上野裕寿,○,,
2025-08-13,青流戦,,●,生垣寛人三段,徳田拳士,○,,
2025-08-14,竜王戦,4組 昇決,○,戸辺誠,村山慈明,●,,
2025-08-14,王位戦,予選,○,及川拓馬,先崎学,●,,
2025-08-14,王位戦,予選,○,菅井竜也,藤原直哉,●,,
2025-08-14,王位戦,予選,●,森本才跳,服部慎一郎,○,,
2025-08-14,叡王戦,予選,●,行方尚史,羽生善治,○,,
2025-08-14,叡王戦,予選,○,郷田真隆,鈴木大介,●,,
2025-08-14,叡王戦,予選,●,屋敷伸之,塚田泰明,○,,
2025-08-14,叡王戦,予選,○,井田明宏,上村亘,●,,
2025-08-14,叡王戦,予選,○,井田明宏,井出隼平,●,,
2025-08-14,叡王戦,予選,○,田中悠一,中村亮介,●,,
2025-08-14,叡王戦,予選,○,狩山幹生,折田翔吾,●,,
2025-08-14,叡王戦,予選,●,高田明浩,狩山幹生,○,千日手,
2025-08-14,棋聖戦,一次予選,●,片上大輔,北島忠雄,○,,
2025-08-14,棋聖戦,一次予選,●,窪田義行,長谷部浩平,○,,
2025-08-14,棋聖戦,一次予選,○,阿部健治郎,長谷部浩平,●,,
2025-08-14,達人戦,予選,●,佐藤秀司,瀬川晶司,○,,
2025-08-14,達人戦,予選,○,佐藤康光,瀬川晶司,●,,
2025-08-15,竜王戦,5組 昇決,○,出口若武,中村太地,●,,
2025-08-15,竜王戦,6組 昇決,○,森下卓,横山友紀,●,,
2025-08-15,王位戦,予選,○,久保利明,炭崎俊毅,●,,
2025-08-15,叡王戦,予選,●,畠山鎮,北浜健介,○,,
2025-08-15,叡王戦,予選,○,浦野真彦,小林裕士,●,,
2025-08-15,叡王戦,予選,●,浦野真彦,小倉久史,○,,
2025-08-16,JT杯,,○,渡辺明,山崎隆之,●,,
2025-08-18,王座戦,一次予選,●,松本佳介,獺ヶ口笑保人,○,,
2025-08-19,順位戦,C級1組,○,先崎学,中村修,●,,
2025-08-19,順位戦,C級1組,○,野月浩貴,中川大輔,●,,
2025-08-19,順位戦,C級1組,●,宮田敦史,岡部怜央,○,,
2025-08-19,順位戦,C級1組,○,池永天志,片上大輔,●,,
2025-08-19,順位戦,C級1組,○,三枚堂達也,黒田尭之,●,,
2025-08-19,順位戦,C級1組,○,飯塚祐紀,井上慶太,●,,
2025-08-19,順位戦,C級1組,○,都成竜馬,阿部隆,●,,
2025-08-19,順位戦,C級1組,○,飯島栄治,畠山成幸,●,,
2025-08-19,順位戦,C級1組,●,船江恒平,西田拓也,○,,
2025-08-19,順位戦,C級1組,○,冨田誠也,阿部健治郎,●,,
2025-08-19,順位戦,C級1組,○,門倉啓太,村田顕弘,●,,
2025-08-19,順位戦,C級1組,○,上野裕寿,出口若武,●,,
2025-08-19,順位戦,C級1組,●,畠山鎮,杉本昌隆,○,,
2025-08-19,順位戦,C級1組,●,西尾明,宮本広志,○,,
2025-08-19,順位戦,C級1組,○,高田明浩,高崎一生,●,,
2025-08-19,王座戦,一次予選,●,藤原直哉,浦野真彦,○,,
2025-08-19,王位戦,第4局,●,藤井聡太,永瀬拓矢,○,,
2025-08-20,順位戦,B級2組,○,羽生善治,木村一基,●,,
2025-08-20,順位戦,B級2組,○,斎藤明日斗,屋敷伸之,●,,
2025-08-20,順位戦,B級2組,○,村山慈明,丸山忠久,●,,
2025-08-20,順位戦,B級2組,○,行方尚史,郷田真隆,●,,
2025-08-20,順位戦,B級2組,○,深浦康市,及川拓馬,●,,
2025-08-20,順位戦,B級2組,○,佐藤和俊,阿久津主税,●,,
2025-08-20,順位戦,B級2組,●,横山泰明,渡辺和史,○,,
2025-08-20,順位戦,B級2組,○,谷川浩司,佐々木慎,●,,
2025-08-20,順位戦,B級2組,●,藤本渚,藤井猛,○,,
2025-08-20,順位戦,B級2組,○,三浦弘行,古賀悠聖,●,,
2025-08-20,順位戦,B級2組,●,松尾歩,山崎隆之,○,,
2025-08-20,順位戦,B級2組,○,戸辺誠,北浜健介,●,,
2025-08-20,順位戦,B級2組,○,久保利明,鈴木大介,●,,
2025-08-20,叡王戦,予選,○,千田翔太,佐藤秀司,●,,
2025-08-20,叡王戦,予選,○,瀬川晶司,遠山雄亮,●,,
2025-08-20,王座戦,一次予選,●,岡崎洋,渡辺正和,○,,
2025-08-20,王座戦,一次予選,○,安用寺孝功,小林裕士,●,,
2025-08-21,順位戦,A級,○,糸谷哲郎,佐々木勇気,●,,
2025-08-21,順位戦,B級1組,●,石井健太郎,伊藤匠,○,,
2025-08-21,順位戦,B級1組,●,広瀬章人,大石直嗣,○,,
2025-08-21,順位戦,B級1組,●,青嶋未来,大橋貴洸,○,,
2025-08-21,順位戦,B級1組,○,服部慎一郎,菅井竜也,●,,
2025-08-21,順位戦,B級1組,●,高見泰地,斎藤慎太郎,○,,
2025-08-21,順位戦,B級1組,○,佐藤康光,澤田真吾,●,,
2025-08-21,順位戦,C級2組,○,渡辺大夢,阿部光瑠,●,,
2025-08-21,順位戦,C級2組,●,梶浦宏孝,小山怜央,○,,
2025-08-21,順位戦,C級2組,○,佐々木大地,佐藤慎一,●,,
2025-08-21,順位戦,C級2組,○,杉本和陽,中村亮介,●,,
2025-08-21,順位戦,C級2組,●,金井恒太,山本博志,○,,
2025-08-21,順位戦,C級2組,●,伊藤真吾,小山直希,○,,
2025-08-21,順位戦,C級2組,○,黒沢怜生,石田直裕,●,,
2025-08-21,順位戦,C級2組,○,高野智史,齊藤優希,●,,
2025-08-21,順位戦,C級2組,○,本田奎,阪口悟,●,,
2025-08-21,順位戦,C級2組,●,長谷部浩平,今泉健司,○,,
2025-08-21,順位戦,C級2組,○,吉池隆真,井田明宏,●,,
2025-08-21,順位戦,C級2組,●,横山友紀,宮嶋健太,○,,
2025-08-21,順位戦,C級2組,○,八代弥,齊藤裕也,●,,
2025-08-21,順位戦,C級2組,●,佐藤紳哉,炭崎俊毅,○,,
2025-08-21,順位戦,C級2組,●,谷合廣紀,狩山幹生,○,,
2025-08-21,王位戦,予選,○,中村太地,北島忠雄,●,,
2025-08-22,王座戦,一次予選,●,所司和晴,富岡英作,○,,
2025-08-22,王座戦,一次予選,○,田村康介,小倉久史,●,,
2025-08-22,王座戦,一次予選,○,山川泰熙,藤森哲也,●,,
2025-08-22,王座戦,一次予選,○,村田智弘,神崎健二,●,,
2025-08-22,王座戦,一次予選,○,竹内雄悟,山本真也,●,,
2025-08-22,青流戦,,●,吉田桂悟三段,森本才跳,○,,
2025-08-22,青流戦,,○,柵木幹太,山下数毅三段,●,,
2025-08-22,青流戦,,○,柵木幹太,森本才跳,●,,
2025-08-25,王位戦,予選,○,岡部怜央,佐藤和俊,●,,
2025-08-25,王位戦,予選,○,斎藤慎太郎,島本亮,●,,
2025-08-25,王位戦,予選,○,浦野真彦,都成竜馬,●,,
2025-08-25,王座戦,一次予選,●,勝又清和,泉正樹,○,,
2025-08-25,王座戦,一次予選,●,阿部健治郎,飯島栄治,○,,
2025-08-25,王将戦,二次予選,●,渡辺明,稲葉陽,○,,
2025-08-26,王位戦,予選,●,佐藤慎一,杉本和陽,○,,
2025-08-26,王位戦,予選,○,佐藤康光,小倉久史,●,,
2025-08-26,王位戦,予選,●,戸辺誠,金井恒太,○,,
2025-08-26,王座戦,一次予選,○,福間香奈,長岡裕也,●,,
2025-08-26,王位戦,第5局,○,永瀬拓矢,藤井聡太,●,,
2025-08-27,王位戦,予選,○,伊藤沙恵,斎藤明日斗,●,,
2025-08-27,王位戦,予選,○,古森悠太,村山慈明,●,,
2025-08-27,叡王戦,予選,●,三浦弘行,佐藤天彦,○,,
2025-08-27,叡王戦,予選,●,平藤真吾,船江恒平,○,,
2025-08-27,叡王戦,予選,●,船江恒平,大橋貴洸,○,,
2025-08-27,棋王戦,挑決トーナメント,○,山崎隆之,近藤誠也,●,,
2025-08-27,王将戦,二次予選,●,広瀬章人,伊藤匠,○,,
2025-08-28,順位戦,C級2組,○,瀬川晶司,高橋道雄,●,,
2025-08-28,順位戦,C級2組,●,北島忠雄,森下卓,○,,
2025-08-28,順位戦,C級2組,○,田村康介,日浦市郎,●,,
2025-08-28,順位戦,C級2組,○,真田圭一,窪田義行,●,,
2025-08-28,順位戦,C級2組,●,千葉幸生,星野良生,○,,
2025-08-28,順位戦,C級2組,○,藤森哲也,山川泰熙,●,,
2025-08-28,順位戦,C級2組,●,上村亘,石川優太,○,,
2025-08-28,順位戦,C級2組,○,獺ヶ口笑保人,高橋佑二郎,●,,
2025-08-28,順位戦,C級2組,○,田中悠一,折田翔吾,●,,
2025-08-28,順位戦,C級2組,○,西川和宏,森本才跳,●,,
2025-08-28,順位戦,C級2組,○,遠山雄亮,牧野光則,●,,
2025-08-28,順位戦,C級2組,●,佐藤秀司,徳田拳士,○,,
2025-08-28,王位戦,予選,○,羽生善治,近藤正和,●,,
2025-08-28,王位戦,予選,●,石田直裕,塚田泰明,○,,
2025-08-28,王位戦,予選,●,行方尚史,小山直希,○,,
2025-08-28,王座戦,一次予選,●,今泉健司,池永天志,○,,
2025-08-28,朝日杯,一次予選,●,脇謙二,藤本渚,○,,
2025-08-28,朝日杯,一次予選,○,畠山成幸,炭崎俊毅,●,,
2025-08-28,朝日杯,一次予選,○,藤本渚,畠山成幸,●,,
2025-08-29,竜王戦,3組 昇決,●,高野智史,石井健太郎,○,,
2025-08-29,王位戦,予選,●,松尾歩,中村亮介,○,,
2025-08-29,王位戦,予選,●,阪口悟,豊島将之,○,,
2025-08-29,王座戦,一次予選,●,神谷広志,小山怜央,○,,
2025-08-29,王座戦,一次予選,○,上野裕寿,畠山鎮,●,,
2025-08-29,棋聖戦,一次予選,○,井出隼平,宮田敦史,●,,
2025-08-29,棋聖戦,一次予選,●,西尾明,齊藤優希,○,,
2025-08-29,棋聖戦,一次予選,○,齊藤優希,井出隼平,●,,
2025-08-29,棋王戦,挑決トーナメント,○,佐々木大地,大石直嗣,●,,
2025-08-29,朝日杯,一次予選,●,山本博志,鈴木大介,○,,
2025-08-29,朝日杯,一次予選,○,本田奎,横山泰明,●,,
2025-08-29,朝日杯,一次予選,●,鈴木大介,本田奎,○,,
2025-08-29,達人戦,予選,○,屋敷伸之,勝又清和,●,,
2025-08-29,達人戦,予選,○,屋敷伸之,野月浩貴,●,,
2025-08-29,新人戦,,○,柵木幹太,古井丈大三段,●,,
2025-08-29,新人戦,,○,古賀悠聖,吉池隆真,●,,
2025-08-30,JT杯,,○,永瀬拓矢,広瀬章人,●,,
2025-09-01,棋王戦,挑決トーナメント,●,高見泰地,増田康宏,○,,
2025-09-01,朝日杯,一次予選,○,小倉久史,及川拓馬,●,,
2025-09-01,朝日杯,一次予選,○,阿部健治郎,高橋佑二郎,●,,
2025-09-01,朝日杯,一次予選,●,小倉久史,阿部健治郎,○,,
2025-09-01,朝日杯,一次予選,●,飯塚祐紀,八代弥,○,,
2025-09-01,朝日杯,一次予選,○,八代弥,吉池隆真,●,,
2025-09-02,王座戦,一次予選,○,中田功,矢倉規広,●,,
2025-09-02,朝日杯,一次予選,●,山崎隆之,折田翔吾,○,,
2025-09-02,朝日杯,一次予選,●,折田翔吾,古森悠太,○,,
2025-09-03,王位戦,予選,○,広瀬章人,小山怜央,●,,
2025-09-03,王位戦,予選,○,高野智史,近藤誠也,●,,
2025-09-03,王位戦,予選,●,井上慶太,大石直嗣,○,,
2025-09-03,王座戦,一次予選,○,森下卓,千葉幸生,●,,
2025-09-03,棋王戦,挑決トーナメント,●,澤田真吾,糸谷哲郎,○,,
2025-09-03,朝日杯,一次予選,○,徳田拳士,阿部隆,●,,
2025-09-03,朝日杯,一次予選,●,長岡裕也,徳田拳士,○,,
2025-09-04,王座戦,第1局,●,伊藤匠,藤井聡太,○,,
2025-09-04,王位戦,予選,●,石井健太郎,中川大輔,○,,
2025-09-04,叡王戦,予選,○,勝又清和,北島忠雄,●,,
2025-09-04,叡王戦,予選,○,西尾明,勝又清和,●,,
2025-09-04,王座戦,一次予選,○,日浦市郎,高野秀行,●,,
2025-09-04,王座戦,一次予選,●,大平武洋,遠山雄亮,○,,
2025-09-04,王将戦,二次予選,○,大橋貴洸,豊島将之,●,,
2025-09-04,朝日杯,一次予選,●,郷田真隆,伊藤真吾,○,,
2025-09-04,朝日杯,一次予選,○,小山直希,田中悠一,●,,
2025-09-04,朝日杯,一次予選,○,小山直希,伊藤真吾,●,,
2025-09-04,朝日杯,一次予選,●,杉本昌隆,狩山幹生,○,,
2025-09-05,王位戦,予選,○,阿部光瑠,木村一基,●,,
2025-09-05,王位戦,予選,○,柵木幹太,黒田尭之,●,,
2025-09-05,棋王戦,挑決トーナメント,○,菅井竜也,永瀬拓矢,●,,
2025-09-05,王将戦,二次予選,○,佐々木勇気,稲葉陽,●,,
2025-09-05,朝日杯,一次予選,●,神谷広志,高崎一生,○,,
2025-09-05,朝日杯,一次予選,○,渡辺和史,岡部怜央,●,,
2025-09-05,朝日杯,一次予選,○,渡辺和史,高崎一生,●,,
2025-09-05,朝日杯,一次予選,○,村山慈明,森本才跳,●,,
2025-09-05,朝日杯,一次予選,○,村山慈明,北浜健介,●,,
2025-09-05,新人戦,,●,藤本渚,斎藤明日斗,○,,
2025-09-08,王位戦,予選,●,南芳一,糸谷哲郎,○,,
2025-09-08,王位戦,予選,○,谷川浩司,久保利明,●,,
2025-09-08,王座戦,一次予選,○,塚田泰明,西山朋佳,●,,
2025-09-08,王座戦,一次予選,○,阪口悟,脇謙二,●,,
2025-09-09,竜王戦,2組 昇決,○,羽生善治,阿久津主税,●,,
2025-09-09,順位戦,C級1組,○,阿部健治郎,野月浩貴,●,,
2025-09-09,順位戦,C級1組,○,片上大輔,村田顕弘,●,,
2025-09-09,順位戦,C級1組,○,黒田尭之,門倉啓太,●,,
2025-09-09,順位戦,C級1組,○,畠山成幸,古森悠太,●,,
2025-09-09,順位戦,C級1組,○,三枚堂達也,都成竜馬,●,,
2025-09-09,王位戦,予選,●,千葉幸生,山川泰熙,○,,
2025-09-09,王位戦,予選,●,泉正樹,飯島栄治,○,,
2025-09-09,王座戦,一次予選,○,佐藤紳哉,伊藤真吾,●,,
2025-09-09,王座戦,一次予選,○,本田奎,富岡英作,●,,
2025-09-09,棋聖戦,一次予選,○,石田直裕,岡崎洋,●,,
2025-09-09,棋聖戦,一次予選,○,石田直裕,北島忠雄,●,,
2025-09-09,棋聖戦,一次予選,○,今泉健司,牧野光則,●,千日手,
2025-09-09,棋聖戦,一次予選,●,炭崎俊毅,出口若武,○,,
2025-09-09,棋聖戦,一次予選,○,今泉健司,出口若武,●,,
2025-09-09,王位戦,第6局,○,藤井聡太,永瀬拓矢,●,,
2025-09-10,順位戦,A級,●,佐藤天彦,佐々木勇気,○,,
2025-09-10,王位戦,予選,○,鈴木大介,横山泰明,●,千日手,
2025-09-10,王位戦,予選,●,西田拓也,福間香奈,○,,
2025-09-10,王位戦,予選,○,藤本渚,井田明宏,●,,
2025-09-10,叡王戦,予選,●,高崎一生,近藤正和,○,,
2025-09-10,叡王戦,予選,●,近藤正和,佐々木大地,○,,
2025-09-10,王座戦,一次予選,○,島朗,伊藤沙恵,●,,
2025-09-10,王座戦,一次予選,●,獺ヶ口笑保人,金井恒太,○,,
2025-09-10,王座戦,一次予選,●,西川和宏,冨田誠也,○,,
2025-09-11,順位戦,A級,●,中村太地,近藤誠也,○,,
2025-09-11,順位戦,B級1組,●,伊藤匠,広瀬章人,○,,
2025-09-11,順位戦,B級1組,○,稲葉陽,高見泰地,●,,
2025-09-11,順位戦,B級1組,○,菅井竜也,佐藤康光,●,,
2025-09-11,順位戦,B級1組,○,大橋貴洸,大石直嗣,●,,
2025-09-11,順位戦,B級1組,●,青嶋未来,服部慎一郎,○,,
2025-09-11,順位戦,B級1組,○,斎藤慎太郎,石井健太郎,●,,
2025-09-11,順位戦,C級2組,○,村中秀史,井出隼平,●,,
2025-09-11,王位戦,予選,○,深浦康市,渡辺大夢,●,千日手,
2025-09-11,王座戦,一次予選,○,谷合廣紀,佐藤秀司,●,,
2025-09-11,王座戦,一次予選,●,宮本広志,齊藤裕也,○,,
2025-09-11,青流戦,,●,山口裕誠三段,徳田拳士,○,,
2025-09-11,青流戦,準決勝,●,徳田拳士,吉池隆真,○,,
2025-09-11,青流戦,,●,宮嶋健太,高橋佑二郎,○,,
2025-09-11,青流戦,準決勝,○,柵木幹太,高橋佑二郎,●,,
2025-09-12,王位戦,予選,○,梶浦宏孝,森内俊之,●,,
2025-09-12,王位戦,予選,○,八代弥,田村康介,●,,
2025-09-12,王位戦,予選,●,村田智弘,池永天志,○,,
2025-09-12,王位戦,予選,●,横山友紀,阿部隆,○,,
2025-09-12,棋聖戦,一次予選,●,畠山鎮,高田明浩,○,,
2025-09-12,棋聖戦,一次予選,●,狩山幹生,折田翔吾,○,,
2025-09-12,棋聖戦,一次予選,○,高田明浩,折田翔吾,●,,
2025-09-13,JT杯,,○,佐藤天彦,伊藤匠,●,,
2025-09-16,竜王戦,4組 昇決,○,大橋貴洸,高崎一生,●,,
2025-09-16,竜王戦,5組 昇決,●,川上猛,出口若武,○,,
2025-09-16,竜王戦,6組 昇決,○,徳田拳士,中村亮介,●,,
2025-09-16,叡王戦,予選,○,岡部怜央,星野良生,●,,
2025-09-16,叡王戦,予選,●,山本真也,古賀悠聖,○,,
2025-09-16,叡王戦,予選,○,古賀悠聖,西川和宏,●,,
2025-09-16,王位戦,予選,○,吉池隆真,黒沢怜生,●,,
2025-09-16,王位戦,予選,○,飯塚祐紀,松本佳介,●,,
2025-09-16,王座戦,一次予選,●,堀口一史座,井出隼平,○,,
2025-09-16,王座戦,一次予選,○,浦野真彦,折田翔吾,●,,
2025-09-16,達人戦,予選,○,佐藤康光,中村修,●,,
2025-09-17,叡王戦,予選,○,丸山忠久,森内俊之,●,,
2025-09-17,叡王戦,予選,●,宮嶋健太,谷合廣紀,○,,
2025-09-17,叡王戦,予選,○,森本才跳,柵木幹太,●,,
2025-09-17,叡王戦,予選,○,齊藤優希,炭崎俊毅,●,,
2025-09-17,叡王戦,予選,○,齊藤優希,森本才跳,●,,
2025-09-17,王位戦,予選,○,服部慎一郎,斎藤慎太郎,●,,
2025-09-17,王位戦,予選,○,狩山幹生,畠山成幸,●,,
2025-09-17,棋聖戦,一次予選,●,井上慶太,阿部光瑠,○,,
2025-09-17,棋聖戦,一次予選,●,小山怜央,三枚堂達也,○,,
2025-09-17,棋聖戦,一次予選,●,三枚堂達也,阿部光瑠,○,,
2025-09-17,朝日杯,一次予選,○,野月浩貴,高野智史,●,,
2025-09-17,朝日杯,一次予選,○,西尾明,戸辺誠,●,,
2025-09-17,朝日杯,一次予選,●,野月浩貴,西尾明,○,,
2025-09-18,王座戦,第2局,●,藤井聡太,伊藤匠,○,,
2025-09-18,竜王戦,2組 昇決,■,豊島将之,池永天志,□,,
2025-09-18,竜王戦,6組 昇決,○,高橋佑二郎,黒田尭之,●,,
2025-09-18,叡王戦,予選,●,近藤誠也,阿久津主税,○,,
2025-09-18,王位戦,予選,●,瀬川晶司,真田圭一,○,,
2025-09-18,王位戦,予選,○,高見泰地,藤井猛,●,,
2025-09-18,王位戦,予選,●,三浦弘行,増田康宏,○,,
2025-09-18,王位戦,予選,○,上野裕寿,稲葉陽,●,,
2025-09-18,王座戦,一次予選,○,船江恒平,牧野光則,●,,
2025-09-18,棋王戦,挑決トーナメント,○,斎藤明日斗,広瀬章人,●,,
2025-09-19,順位戦,A級,■,渡辺明,永瀬拓矢,□,,
2025-09-19,叡王戦,予選,○,横山泰明,八代弥,●,,
2025-09-19,叡王戦,予選,○,宮田敦史,高野秀行,●,,
2025-09-19,叡王戦,予選,○,横山泰明,宮田敦史,●,,
2025-09-19,王座戦,一次予選,○,西田拓也,横山友紀,●,,
2025-09-19,王座戦,一次予選,○,柵木幹太,加藤桃子,●,,
2025-09-19,棋王戦,挑決トーナメント,○,吉池隆真,佐々木勇気,●,,
2025-09-22,竜王戦,6組 昇決,●,森下卓,平藤真吾,○,,
2025-09-22,叡王戦,予選,●,窪田義行,渡辺和史,○,,
2025-09-22,叡王戦,予選,○,片上大輔,渡辺和史,●,,
2025-09-22,叡王戦,予選,○,獺ヶ口笑保人,小山怜央,●,,
2025-09-22,叡王戦,予選,○,獺ヶ口笑保人,高橋佑二郎,●,,
2025-09-22,王位戦,予選,□,塚田泰明,渡辺明,■,,
2025-09-22,王座戦,一次予選,●,村田智弘,徳田拳士,○,,
2025-09-23,順位戦,A級,○,糸谷哲郎,千田翔太,●,,
2025-09-23,棋聖戦,一次予選,○,真田圭一,黒沢怜生,●,,
2025-09-23,朝日杯,一次予選,●,行方尚史,屋敷伸之,○,,
2025-09-23,朝日杯,一次予選,○,阿久津主税,伊藤誠悟アマ,●,,
2025-09-23,朝日杯,一次予選,○,屋敷伸之,阿久津主税,●,,
2025-09-24,順位戦,A級,○,豊島将之,増田康宏,●,,
2025-09-24,叡王戦,予選,○,広瀬章人,先崎学,●,,
2025-09-24,叡王戦,予選,●,佐藤康光,広瀬章人,○,,
2025-09-24,王座戦,一次予選,○,三枚堂達也,中村修,●,,
2025-09-24,王座戦,一次予選,○,高崎一生,渡辺正和,●,,
2025-09-24,王座戦,一次予選,○,西尾明,門倉啓太,●,,
2025-09-24,王座戦,一次予選,○,炭崎俊毅,畠山成幸,●,,
2025-09-24,王座戦,一次予選,●,安用寺孝功,狩山幹生,○,,
2025-09-24,達人戦,予選,●,堀口一史座,森内俊之,○,,
2025-09-24,達人戦,予選,○,三浦弘行,杉本昌隆,●,,
2025-09-24,達人戦,予選,○,森内俊之,三浦弘行,●,,
2025-09-24,新人戦,,○,服部慎一郎,古賀悠聖,●,,
2025-09-25,竜王戦,4組 昇決,●,北島忠雄,村田顕弘,○,,
2025-09-25,叡王戦,予選,○,渡辺大夢,石田直裕,●,,
2025-09-25,叡王戦,予選,○,渡辺大夢,伊藤真吾,●,,
2025-09-25,叡王戦,予選,●,中田功,稲葉陽,○,,
2025-09-25,叡王戦,予選,●,稲葉陽,村山慈明,○,,
2025-09-25,王位戦,予選,○,伊藤匠,宮嶋健太,●,,
2025-09-25,王位戦,予選,●,野月浩貴,山本博志,○,,
2025-09-25,王位戦,予選,○,青嶋未来,中村亮介,●,,
2025-09-25,王座戦,一次予選,●,遠山雄亮,阿部光瑠,○,,
2025-09-25,王座戦,一次予選,○,高橋道雄,吉池隆真,●,,
2025-09-25,王座戦,一次予選,○,田村康介,高野智史,●,,
2025-09-25,王座戦,一次予選,○,齊藤優希,近藤正和,●,,
2025-09-25,王座戦,一次予選,●,飯塚祐紀,星野良生,○,,
2025-09-25,王将戦,挑決リーグ,○,西田拓也,近藤誠也,●,,
2025-09-25,朝日杯,一次予選,○,斎藤慎太郎,井上慶太,●,,
2025-09-25,朝日杯,一次予選,○,冨田誠也,横山友紀,●,,
2025-09-25,朝日杯,一次予選,○,斎藤慎太郎,冨田誠也,●,,
2025-09-25,朝日杯,一次予選,●,大石直嗣,久保利明,○,,
2025-09-25,朝日杯,一次予選,○,上野裕寿,久保利明,●,,
2025-09-25,新人戦,,●,柵木幹太,斎藤明日斗,○,,
2025-09-26,竜王戦,4組 昇決,○,横山泰明,戸辺誠,●,,
2025-09-26,叡王戦,予選,●,佐々木勇気,中村太地,○,,
2025-09-26,叡王戦,予選,●,牧野光則,出口若武,○,,
2025-09-26,王位戦,予選,●,本田奎,阿部健治郎,○,,
2025-09-26,王座戦,一次予選,○,都成竜馬,竹内雄悟,●,,
2025-09-26,王将戦,挑決リーグ,○,菅井竜也,大橋貴洸,●,,
2025-09-26,朝日杯,一次予選,○,松尾歩,塚田泰明,●,,
2025-09-26,朝日杯,一次予選,●,佐々木大地,山川泰熙,○,,
2025-09-26,朝日杯,一次予選,○,山川泰熙,松尾歩,●,,
2025-09-26,朝日杯,一次予選,●,千葉幸生,高見泰地,○,,
2025-09-26,朝日杯,一次予選,●,金井恒太,梶浦宏孝,○,,
2025-09-26,朝日杯,一次予選,○,梶浦宏孝,高見泰地,●,,
2025-09-26,朝日杯,一次予選,○,高田明浩,石川優太,●,,
2025-09-26,朝日杯,一次予選,●,高田明浩,藤本渚,○,,
2025-09-26,朝日杯,一次予選,●,徳田拳士,狩山幹生,○,,
2025-09-26,達人戦,予選,●,今泉健司,矢倉規広,○,,
2025-09-29,王将戦,挑決リーグ,●,佐々木勇気,永瀬拓矢,○,,
2025-09-29,王座戦,一次予選,●,平藤真吾,島本亮,○,,
2025-09-30,王座戦,第3局,○,伊藤匠,藤井聡太,●,,
2025-09-30,叡王戦,予選,●,小倉久史,千田翔太,○,,
2025-09-30,叡王戦,予選,●,野月浩貴,松尾歩,○,,
2025-09-30,叡王戦,予選,○,千田翔太,松尾歩,●,千日手,
2025-09-30,王位戦,予選,●,深浦康市,金井恒太,○,,
2025-09-30,朝日杯,一次予選,●,西田拓也,石田直裕,○,,
2025-09-30,朝日杯,一次予選,○,古森悠太,石田直裕,●,,
2025-10-01,竜王戦,6組 昇決,○,古賀悠聖,獺ヶ口笑保人,●,,
2025-10-01,竜王戦,6組 昇決,●,徳田拳士,柵木幹太,○,,
2025-10-01,叡王戦,予選,●,西尾明,三枚堂達也,○,,
2025-10-01,叡王戦,予選,○,阿部光瑠,戸辺誠,●,,
2025-10-01,叡王戦,予選,●,阿部光瑠,三枚堂達也,○,,
2025-10-01,王位戦,予選,○,羽生善治,吉池隆真,●,,
2025-10-01,王位戦,予選,○,高野智史,飯島栄治,●,,
2025-10-01,王座戦,一次予選,○,小山怜央,上村亘,●,,
2025-10-01,王座戦,一次予選,○,福間香奈,井田明宏,●,,
2025-10-01,朝日杯,一次予選,●,村山慈明,都成竜馬,○,,
2025-10-02,順位戦,B級1組,○,高見泰地,佐藤康光,●,,
2025-10-02,順位戦,B級1組,●,大石直嗣,伊藤匠,○,,
2025-10-02,順位戦,B級1組,●,服部慎一郎,斎藤慎太郎,○,,
2025-10-02,順位戦,B級1組,○,大橋貴洸,澤田真吾,●,,
2025-10-02,順位戦,B級1組,○,広瀬章人,菅井竜也,●,,
2025-10-02,順位戦,B級1組,●,稲葉陽,青嶋未来,○,,
2025-10-02,叡王戦,予選,○,中村修,高橋道雄,●,,
2025-10-02,叡王戦,予選,○,中村修,藤井猛,●,,
2025-10-02,王位戦,予選,○,渡辺和史,高橋佑二郎,●,,
2025-10-02,王座戦,一次予選,●,片上大輔,日浦市郎,○,,
2025-10-02,王座戦,一次予選,●,先崎学,瀬川晶司,○,,
2025-10-02,王座戦,一次予選,○,豊川孝弘,渡辺大夢,●,,
2025-10-02,達人戦,予選,●,飯塚祐紀,畠山鎮,○,,
2025-10-02,達人戦,予選,●,畠山鎮,屋敷伸之,○,,
2025-10-03,竜王戦,5組 昇決,●,阿部隆,藤本渚,○,,
2025-10-03,叡王戦,予選,●,脇謙二,井上慶太,○,,
2025-10-03,叡王戦,予選,●,豊島将之,井上慶太,○,,
2025-10-03,王位戦,予選,●,及川拓馬,山川泰熙,○,,
2025-10-03,王座戦,一次予選,○,島朗,八代弥,●,,
2025-10-03,王座戦,一次予選,●,井出隼平,山本博志,○,,
2025-10-03,王座戦,一次予選,●,高田明浩,黒田尭之,○,,
2025-10-03,棋聖戦,一次予選,●,古森悠太,都成竜馬,○,,
2025-10-03,棋聖戦,一次予選,○,村田顕弘,冨田誠也,●,,
2025-10-03,棋聖戦,一次予選,○,村田顕弘,都成竜馬,●,,
2025-10-03,竜王戦,第1局,○,藤井聡太,佐々木勇気,●,,
2025-10-06,新人戦,第1局,●,斎藤明日斗,服部慎一郎,○,,
2025-10-06,王位戦,予選,●,小山直希,鈴木大介,○,,
2025-10-06,王位戦,予選,●,浦野真彦,福間香奈,○,,
2025-10-06,王座戦,一次予選,○,石田直裕,宮嶋健太,●,,
2025-10-07,王座戦,第4局,○,藤井聡太,伊藤匠,●,,
2025-10-07,叡王戦,予選,○,塚田泰明,森下卓,●,,
2025-10-07,王位戦,予選,○,大橋貴洸,徳田拳士,●,,
2025-10-07,王座戦,一次予選,●,北島忠雄,山川泰熙,○,,
2025-10-08,竜王戦,5組 昇決,○,長谷部浩平,出口若武,●,,
2025-10-08,王位戦,予選,○,西尾明,高崎一生,●,,
2025-10-08,王位戦,予選,●,中村太地,伊藤沙恵,○,,
2025-10-08,王位戦,予選,●,屋敷伸之,広瀬章人,○,,
2025-10-08,王位戦,予選,○,西川和宏,杉本昌隆,●,,
2025-10-08,王座戦,一次予選,○,中村亮介,田中悠一,●,,
2025-10-08,棋聖戦,二次予選,○,阿久津主税,佐々木慎,●,,
2025-10-08,棋王戦,挑決トーナメント,○,増田康宏,吉池隆真,●,,
2025-10-09,竜王戦,6組 昇決,●,岡部怜央,柵木幹太,○,,
2025-10-09,叡王戦,予選,●,佐藤慎一,瀬川晶司,○,,
2025-10-09,叡王戦,予選,●,瀬川晶司,本田奎,○,,
2025-10-09,叡王戦,予選,○,久保利明,谷川浩司,●,,
2025-10-09,王位戦,予選,○,齊藤優希,飯塚祐紀,●,,
2025-10-09,王位戦,予選,●,糸谷哲郎,大石直嗣,○,,
2025-10-09,王位戦,予選,○,上野裕寿,狩山幹生,●,,
2025-10-09,王座戦,一次予選,●,真田圭一,村中秀史,○,,
2025-10-09,棋聖戦,二次予選,●,青嶋未来,渡辺和史,○,,
2025-10-09,棋王戦,挑決トーナメント,○,斎藤明日斗,佐々木大地,●,,
2025-10-09,王将戦,挑決リーグ,○,近藤誠也,菅井竜也,●,,
2025-10-09,達人戦,予選,○,佐藤康光,深浦康市,●,,
2025-10-10,竜王戦,2組 昇決,●,池永天志,稲葉陽,○,,
2025-10-10,叡王戦,予選,○,佐藤紳哉,阿部健治郎,●,,
2025-10-10,叡王戦,予選,○,佐藤紳哉,梶浦宏孝,●,,
2025-10-10,王位戦,予選,●,塚田泰明,阿部光瑠,○,,
2025-10-10,王位戦,予選,○,藤本渚,宮本広志,●,,
2025-10-10,王座戦,一次予選,●,井上慶太,杉本昌隆,○,,
2025-10-10,棋聖戦,二次予選,○,松尾歩,森下卓,●,,
2025-10-10,棋聖戦,二次予選,●,島朗,行方尚史,○,,
2025-10-10,王将戦,挑決リーグ,●,伊藤匠,西田拓也,○,,
2025-10-10,王将戦,挑決リーグ,●,大橋貴洸,佐々木勇気,○,,
2025-10-10,達人戦,予選,○,郷田真隆,矢倉規広,●,,
2025-10-12,青流戦,第1局,○,吉池隆真,柵木幹太,●,,
2025-10-12,JT杯,,□,藤井聡太,渡辺明,■,,
2025-10-13,青流戦,第2局,○,柵木幹太,吉池隆真,●,,
2025-10-13,青流戦,第3局,○,吉池隆真,柵木幹太,●,,
2025-10-13,王将戦,挑決リーグ,●,伊藤匠,永瀬拓矢,○,,
2025-10-14,順位戦,C級1組,●,高崎一生,阿部隆,○,,
2025-10-14,順位戦,C級1組,●,先崎学,冨田誠也,○,,
2025-10-14,順位戦,C級1組,●,中川大輔,西田拓也,○,,
2025-10-14,順位戦,C級1組,○,飯島栄治,高田明浩,●,,
2025-10-14,順位戦,C級1組,○,宮田敦史,黒田尭之,●,,
2025-10-14,順位戦,C級1組,○,上野裕寿,西尾明,●,,
2025-10-14,順位戦,C級1組,○,岡部怜央,阿部健治郎,●,,
2025-10-14,順位戦,C級1組,●,古森悠太,三枚堂達也,○,,
2025-10-14,順位戦,C級1組,○,門倉啓太,宮本広志,●,,
2025-10-14,順位戦,C級1組,○,出口若武,中村修,●,,
2025-10-14,順位戦,C級1組,○,井上慶太,片上大輔,●,,
2025-10-14,順位戦,C級1組,○,飯塚祐紀,畠山鎮,●,,
2025-10-14,順位戦,C級1組,○,野月浩貴,畠山成幸,●,,
2025-10-14,順位戦,C級1組,○,杉本昌隆,船江恒平,●,,
2025-10-14,順位戦,C級1組,●,村田顕弘,池永天志,○,,
2025-10-15,順位戦,A級,○,増田康宏,糸谷哲郎,●,,
2025-10-15,順位戦,B級2組,○,阿久津主税,谷川浩司,●,,
2025-10-15,順位戦,B級2組,○,深浦康市,羽生善治,●,,
2025-10-15,順位戦,B級2組,○,屋敷伸之,鈴木大介,●,,
2025-10-15,順位戦,B級2組,○,郷田真隆,及川拓馬,●,,
2025-10-15,順位戦,B級2組,●,藤井猛,古賀悠聖,○,,
2025-10-15,順位戦,B級2組,●,三浦弘行,斎藤明日斗,○,,
2025-10-15,順位戦,B級2組,○,戸辺誠,行方尚史,●,,
2025-10-15,順位戦,B級2組,○,佐々木慎,松尾歩,●,,
2025-10-15,順位戦,B級2組,○,丸山忠久,北浜健介,●,千日手,
2025-10-15,順位戦,B級2組,●,佐藤和俊,久保利明,○,,
2025-10-15,順位戦,B級2組,●,木村一基,藤本渚,○,,
2025-10-15,順位戦,B級2組,●,村山慈明,渡辺和史,○,,
2025-10-15,順位戦,B級2組,○,山崎隆之,横山泰明,●,,
2025-10-16,順位戦,B級1組,●,斎藤慎太郎,伊藤匠,○,,
2025-10-16,順位戦,B級1組,●,青嶋未来,広瀬章人,○,,
2025-10-16,順位戦,B級1組,●,石井健太郎,大橋貴洸,○,,
2025-10-16,順位戦,B級1組,○,菅井竜也,稲葉陽,●,,
2025-10-16,順位戦,B級1組,○,服部慎一郎,大石直嗣,●,,
2025-10-16,順位戦,B級1組,○,澤田真吾,高見泰地,●,,
2025-10-16,順位戦,C級2組,○,田村康介,佐藤秀司,●,,
2025-10-16,順位戦,C級2組,○,獺ヶ口笑保人,北島忠雄,●,,
2025-10-16,順位戦,C級2組,○,八代弥,小山怜央,●,,
2025-10-16,順位戦,C級2組,○,梶浦宏孝,本田奎,●,,
2025-10-16,順位戦,C級2組,○,佐々木大地,吉池隆真,●,,
2025-10-16,順位戦,C級2組,○,星野良生,中村亮介,●,,
2025-10-16,順位戦,C級2組,●,伊藤真吾,谷合廣紀,○,,
2025-10-16,順位戦,C級2組,●,田中悠一,小山直希,○,千日手,
2025-10-16,順位戦,C級2組,○,高橋佑二郎,佐藤慎一,●,,
2025-10-16,順位戦,C級2組,●,森下卓,齊藤裕也,○,,
2025-10-16,順位戦,C級2組,○,村中秀史,牧野光則,●,,
2025-10-16,順位戦,C級2組,○,徳田拳士,藤森哲也,●,,
2025-10-16,順位戦,C級2組,●,横山友紀,石川優太,○,,
2025-10-16,順位戦,C級2組,○,西川和宏,高橋道雄,●,,
2025-10-16,順位戦,C級2組,●,阪口悟,杉本和陽,○,,
2025-10-16,順位戦,C級2組,○,今泉健司,金井恒太,●,,
2025-10-16,順位戦,C級2組,●,狩山幹生,高野智史,○,,
2025-10-16,順位戦,C級2組,○,井出隼平,森本才跳,●,,
2025-10-16,王座戦,一次予選,○,炭崎俊毅,浦野真彦,●,,
2025-10-16,竜王戦,第2局,●,佐々木勇気,藤井聡太,○,,
2025-10-17,順位戦,A級,●,近藤誠也,豊島将之,○,,
2025-10-17,王座戦,一次予選,○,黒沢怜生,泉正樹,●,,
2025-10-17,王座戦,一次予選,●,阿部光瑠,佐藤紳哉,○,,
2025-10-20,竜王戦,4組 昇決,●,村田顕弘,大橋貴洸,○,,
2025-10-20,順位戦,A級,○,千田翔太,佐藤天彦,●,,
2025-10-20,王座戦,一次予選,○,上野裕寿,徳田拳士,●,,
2025-10-21,新人戦,第2局,●,服部慎一郎,斎藤明日斗,○,,
2025-10-21,叡王戦,予選,●,今泉健司,竹内雄悟,○,,
2025-10-21,叡王戦,予選,○,狩山幹生,竹内雄悟,●,,
2025-10-21,王位戦,予選,●,阿部健治郎,三枚堂達也,○,千日手,
2025-10-21,棋聖戦,二次予選,●,近藤誠也,鈴木大介,○,,
2025-10-21,棋王戦,挑決トーナメント,●,山崎隆之,伊藤匠,○,,
2025-10-21,王将戦,挑決リーグ,●,西田拓也,永瀬拓矢,○,,
2025-10-22,竜王戦,6組 昇決,○,古賀悠聖,高橋佑二郎,●,,
2025-10-22,王座戦,一次予選,●,豊川孝弘,佐藤慎一,○,,
2025-10-22,王座戦,一次予選,●,島本亮,古森悠太,○,,
2025-10-22,棋聖戦,二次予選,○,丸山忠久,藤井猛,●,,
2025-10-22,棋聖戦,二次予選,○,高見泰地,深浦康市,●,,
2025-10-22,棋聖戦,二次予選,●,佐藤和俊,中村太地,○,,
2025-10-23,順位戦,C級2組,●,日浦市郎,窪田義行,○,,
2025-10-23,順位戦,C級2組,●,阿部光瑠,真田圭一,○,,
2025-10-23,順位戦,C級2組,○,佐藤紳哉,千葉幸生,●,,
2025-10-23,順位戦,C級2組,○,齊藤優希,瀬川晶司,●,,
2025-10-23,順位戦,C級2組,○,山川泰熙,渡辺大夢,●,,
2025-10-23,順位戦,C級2組,○,長谷部浩平,上村亘,●,,
2025-10-23,順位戦,C級2組,●,山本博志,宮嶋健太,○,,
2025-10-23,順位戦,C級2組,●,石田直裕,遠山雄亮,○,,
2025-10-23,順位戦,C級2組,●,炭崎俊毅,黒沢怜生,○,,
2025-10-23,順位戦,C級2組,○,井田明宏,折田翔吾,●,,
2025-10-23,叡王戦,予選,○,山崎隆之,木村一基,●,,
2025-10-23,王位戦,予選,●,佐藤康光,増田康宏,○,,
2025-10-23,王位戦,予選,○,大橋貴洸,池永天志,●,,
2025-10-23,王座戦,一次予選,●,宮田敦史,高橋道雄,○,,
2025-10-23,王座戦,一次予選,○,狩山幹生,齊藤裕也,●,,
2025-10-23,王座戦,一次予選,○,森本才跳,中田功,●,,
2025-10-24,竜王戦,3組 昇決,○,佐々木大地,石井健太郎,●,,
2025-10-24,竜王戦,4組 昇決,●,横山泰明,渡辺和史,○,,
2025-10-24,竜王戦,6組 昇決,●,平藤真吾,柵木幹太,○,,
2025-10-24,叡王戦,予選,●,小山直希,吉池隆真,○,,
2025-10-24,叡王戦,予選,●,谷合廣紀,吉池隆真,○,,
2025-10-24,王位戦,予選,○,伊藤匠,八代弥,●,,
2025-10-24,王座戦,一次予選,●,小山怜央,飯島栄治,○,,
2025-10-24,棋聖戦,二次予選,●,中村修,及川拓馬,○,,
2025-10-24,棋王戦,挑決トーナメント,○,糸谷哲郎,菅井竜也,●,,
2025-10-26,順位戦,A級,■,渡辺明,中村太地,□,,
2025-10-26,順位戦,A級,●,佐々木勇気,永瀬拓矢,○,,
2025-10-27,新人戦,第3局,○,服部慎一郎,斎藤明日斗,●,,
2025-10-27,王位戦,予選,●,福間香奈,大石直嗣,○,,
2025-10-27,王座戦,一次予選,●,窪田義行,塚田泰明,○,,
2025-10-27,王座戦,一次予選,●,梶浦宏孝,高橋佑二郎,○,,
2025-10-27,棋聖戦,二次予選,○,稲葉陽,糸谷哲郎,●,,
2025-10-27,王将戦,挑決リーグ,●,大橋貴洸,近藤誠也,○,,
2025-10-28,王座戦,第5局,○,伊藤匠,藤井聡太,●,,
2025-10-28,叡王戦,予選,○,中村修,久保利明,●,,
2025-10-28,叡王戦,予選,○,郷田真隆,広瀬章人,●,,
2025-10-28,叡王戦,予選,○,郷田真隆,中村修,●,,
2025-10-28,王位戦,予選,○,真田圭一,中川大輔,●,,
2025-10-28,王位戦,予選,○,菅井竜也,村田顕弘,●,,
2025-10-28,王座戦,一次予選,○,黒田尭之,阪口悟,●,千日手,
2025-10-29,王位戦,予選,○,山本博志,阿久津主税,●,,
2025-10-29,王位戦,予選,○,阿部隆,豊島将之,●,,
2025-10-29,王位戦,予選,○,柵木幹太,古森悠太,●,,
2025-10-29,王座戦,一次予選,○,岡部怜央,佐々木大地,●,,
2025-10-29,王座戦,一次予選,○,小山直希,野月浩貴,●,,
2025-10-29,棋聖戦,二次予選,●,千田翔太,戸辺誠,○,,
2025-10-30,叡王戦,予選,■,渡辺明,深浦康市,□,,
2025-10-30,叡王戦,予選,○,服部慎一郎,藤原直哉,●,,
2025-10-30,叡王戦,予選,○,服部慎一郎,安用寺孝功,●,,
2025-10-30,叡王戦,予選,●,齊藤裕也,横山友紀,○,,
2025-10-30,叡王戦,予選,●,横山友紀,徳田拳士,○,,
2025-10-30,王位戦,予選,●,渡辺和史,杉本和陽,○,,
2025-10-30,王位戦,予選,●,青嶋未来,齊藤優希,○,,
2025-10-30,王位戦,予選,●,高田明浩,西川和宏,○,,
2025-10-30,王座戦,一次予選,○,金井恒太,石田直裕,●,,
2025-10-30,王座戦,一次予選,●,星野良生,山川泰熙,○,,
2025-10-30,棋聖戦,二次予選,●,石井健太郎,増田康宏,○,,
2025-10-31,叡王戦,予選,○,深浦康市,羽生善治,●,,
2025-10-31,叡王戦,予選,○,藤本渚,村田顕弘,●,,
2025-10-31,叡王戦,予選,●,出口若武,藤本渚,○,,
2025-10-31,王座戦,一次予選,○,三枚堂達也,島朗,●,,
2025-10-31,王座戦,一次予選,○,都成竜馬,船江恒平,●,,
2025-10-31,王座戦,一次予選,●,南芳一,柵木幹太,○,,
2025-10-31,棋聖戦,二次予選,○,古賀悠聖,村山慈明,●,,
2025-10-31,王将戦,挑決リーグ,●,大橋貴洸,伊藤匠,○,,
2025-10-31,王将戦,挑決リーグ,○,永瀬拓矢,近藤誠也,●,,
2025-10-31,王将戦,挑決リーグ,○,菅井竜也,西田拓也,●,,
2025-10-31,竜王戦,第3局,○,藤井聡太,佐々木勇気,●,,
2025-11-04,順位戦,C級1組,●,中村修,黒田尭之,○,,
2025-11-04,順位戦,C級1組,●,畠山成幸,三枚堂達也,○,,
2025-11-04,順位戦,C級1組,●,高崎一生,杉本昌隆,○,,
2025-11-04,順位戦,C級1組,○,西尾明,飯塚祐紀,●,,
2025-11-04,順位戦,C級1組,○,都成竜馬,飯島栄治,●,,
2025-11-04,順位戦,C級1組,○,阿部健治郎,門倉啓太,●,,
2025-11-04,順位戦,C級1組,○,西田拓也,井上慶太,●,,
2025-11-04,順位戦,C級1組,○,阿部隆,中川大輔,●,,
2025-11-04,順位戦,C級1組,●,畠山鎮,先崎学,○,,
2025-11-04,順位戦,C級1組,●,船江恒平,野月浩貴,○,,
2025-11-04,順位戦,C級1組,○,宮本広志,宮田敦史,●,,
2025-11-04,順位戦,C級1組,●,村田顕弘,岡部怜央,○,,
2025-11-04,順位戦,C級1組,●,池永天志,出口若武,○,,
2025-11-04,順位戦,C級1組,○,冨田誠也,古森悠太,●,,
2025-11-04,順位戦,C級1組,●,上野裕寿,高田明浩,○,千日手,
2025-11-04,王将戦,挑決リーグ,○,近藤誠也,佐々木勇気,●,,
2025-11-05,順位戦,B級2組,●,屋敷伸之,佐藤和俊,○,,
2025-11-05,順位戦,B級2組,○,丸山忠久,阿久津主税,●,,
2025-11-05,順位戦,B級2組,○,藤井猛,戸辺誠,●,,
2025-11-05,順位戦,B級2組,○,松尾歩,深浦康市,●,,
2025-11-05,順位戦,B級2組,○,及川拓馬,行方尚史,●,,
2025-11-05,順位戦,B級2組,●,鈴木大介,横山泰明,○,,
2025-11-05,順位戦,B級2組,○,渡辺和史,木村一基,●,,
2025-11-05,順位戦,B級2組,●,佐々木慎,斎藤明日斗,○,千日手,
2025-11-05,順位戦,B級2組,○,久保利明,谷川浩司,●,,
2025-11-05,順位戦,B級2組,○,古賀悠聖,羽生善治,●,,
2025-11-05,順位戦,B級2組,○,藤本渚,三浦弘行,●,,
2025-11-05,順位戦,B級2組,○,山崎隆之,村山慈明,●,,
2025-11-05,順位戦,B級2組,○,郷田真隆,北浜健介,●,,
2025-11-06,順位戦,B級1組,●,佐藤康光,広瀬章人,○,,
2025-11-06,順位戦,B級1組,●,青嶋未来,高見泰地,○,千日手,
2025-11-06,順位戦,B級1組,○,伊藤匠,大橋貴洸,●,,
2025-11-06,順位戦,B級1組,●,稲葉陽,服部慎一郎,○,,
2025-11-06,順位戦,B級1組,○,石井健太郎,菅井竜也,●,,
2025-11-06,順位戦,B級1組,●,斎藤慎太郎,澤田真吾,○,,
2025-11-06,順位戦,C級2組,○,本田奎,森下卓,●,,
2025-11-06,順位戦,C級2組,○,高野智史,日浦市郎,●,,
2025-11-06,順位戦,C級2組,●,真田圭一,星野良生,○,,
2025-11-06,順位戦,C級2組,●,窪田義行,高橋佑二郎,○,,
2025-11-06,順位戦,C級2組,○,村中秀史,瀬川晶司,●,千日手,
2025-11-06,順位戦,C級2組,●,金井恒太,獺ヶ口笑保人,○,,
2025-11-06,順位戦,C級2組,○,宮嶋健太,渡辺大夢,●,,
2025-11-06,順位戦,C級2組,○,齊藤裕也,上村亘,●,,
2025-11-06,順位戦,C級2組,○,千葉幸生,遠山雄亮,●,,
2025-11-06,順位戦,C級2組,○,井出隼平,阪口悟,●,,
2025-11-06,順位戦,C級2組,●,牧野光則,石田直裕,○,,
2025-11-06,順位戦,C級2組,●,森本才跳,徳田拳士,○,,
2025-11-06,順位戦,C級2組,●,炭崎俊毅,小山直希,○,,
2025-11-06,順位戦,C級2組,○,狩山幹生,佐々木大地,●,,
2025-11-06,順位戦,C級2組,●,折田翔吾,長谷部浩平,○,,
2025-11-07,順位戦,A級,○,増田康宏,佐々木勇気,●,,
2025-11-09,JT杯,,○,永瀬拓矢,佐藤天彦,●,,
2025-11-10,竜王戦,5組 昇決,●,山本博志,藤本渚,○,,
2025-11-10,王将戦,挑決リーグ,●,菅井竜也,伊藤匠,○,,
2025-11-11,竜王戦,6組 昇決,●,上野裕寿,古賀悠聖,○,,
2025-11-11,叡王戦,予選,●,飯塚祐紀,中村太地,○,,
2025-11-11,叡王戦,予選,○,高見泰地,片上大輔,●,,
2025-11-11,王座戦,一次予選,○,冨田誠也,日浦市郎,●,,
2025-11-11,王将戦,挑決リーグ,○,西田拓也,大橋貴洸,●,,
2025-11-12,竜王戦,4組 昇決,●,渡辺和史,青嶋未来,○,,
2025-11-12,王位戦,予選,○,高野智史,三枚堂達也,●,,
2025-11-12,王座戦,一次予選,●,森本才跳,池永天志,○,,
2025-11-12,竜王戦,第4局,●,佐々木勇気,藤井聡太,○,,
2025-11-13,順位戦,A級,○,永瀬拓矢,近藤誠也,●,,
2025-11-13,順位戦,C級2組,○,高橋道雄,山本博志,●,,
2025-11-13,順位戦,C級2組,○,佐藤秀司,八代弥,●,,
2025-11-13,順位戦,C級2組,●,北島忠雄,齊藤優希,○,,
2025-11-13,順位戦,C級2組,○,谷合廣紀,田村康介,●,,
2025-11-13,順位戦,C級2組,○,山川泰熙,阿部光瑠,●,,
2025-11-13,順位戦,C級2組,●,中村亮介,梶浦宏孝,○,,
2025-11-13,順位戦,C級2組,○,黒沢怜生,藤森哲也,●,,
2025-11-13,順位戦,C級2組,○,杉本和陽,今泉健司,●,,
2025-11-13,順位戦,C級2組,○,田中悠一,伊藤真吾,●,,
2025-11-13,順位戦,C級2組,●,石川優太,佐藤紳哉,○,,
2025-11-13,順位戦,C級2組,●,佐藤慎一,横山友紀,○,,
2025-11-13,順位戦,C級2組,○,吉池隆真,西川和宏,●,,
2025-11-13,順位戦,C級2組,○,小山怜央,井田明宏,●,,
2025-11-13,王座戦,一次予選,○,村田顕弘,阿部隆,●,,
2025-11-13,棋聖戦,二次予選,○,松尾歩,佐々木大地,●,,
2025-11-13,棋王戦,挑決トーナメント,○,増田康宏,糸谷哲郎,●,,
2025-11-13,朝日杯,二次予選,●,都成竜馬,稲葉陽,○,,
2025-11-13,朝日杯,二次予選,○,菅井竜也,古森悠太,●,,
2025-11-13,朝日杯,二次予選,●,稲葉陽,菅井竜也,○,,
2025-11-14,竜王戦,6組 昇決,○,柵木幹太,小山直希,●,,
2025-11-14,順位戦,A級,○,豊島将之,千田翔太,●,,
2025-11-14,叡王戦,予選,○,澤田真吾,矢倉規広,●,,
2025-11-14,叡王戦,予選,●,大橋貴洸,澤田真吾,○,,
2025-11-14,棋聖戦,二次予選,●,高崎一生,佐藤天彦,○,,
2025-11-14,棋聖戦,二次予選,○,行方尚史,佐藤康光,●,,
2025-11-14,棋聖戦,二次予選,○,広瀬章人,横山泰明,●,,
2025-11-14,棋聖戦,二次予選,○,服部慎一郎,北浜健介,●,,
2025-11-14,棋王戦,挑決トーナメント,●,伊藤匠,斎藤明日斗,○,千日手,
2025-11-17,竜王戦,4組 昇決,●,井田明宏,大橋貴洸,○,,
2025-11-17,王座戦,一次予選,○,塚田泰明,森下卓,●,,
2025-11-17,王座戦,一次予選,○,中川大輔,齊藤優希,●,,
2025-11-17,王将戦,挑決リーグ,○,伊藤匠,佐々木勇気,●,,
2025-11-17,王将戦,挑決リーグ,○,永瀬拓矢,菅井竜也,●,,
2025-11-18,竜王戦,6組 5位決定戦,○,上野裕寿,小山直希,●,,
2025-11-19,王位戦,予選,○,増田康宏,広瀬章人,●,,
2025-11-19,王位戦,予選,●,阿部隆,服部慎一郎,○,,
2025-11-19,王座戦,一次予選,○,高崎一生,中村亮介,●,,
2025-11-19,棋聖戦,二次予選,○,久保利明,澤田真吾,●,,
2025-11-19,王将戦,挑決リーグ,●,佐々木勇気,西田拓也,○,,
2025-11-19,朝日杯,二次予選,●,梶浦宏孝,佐藤康光,○,,
2025-11-19,朝日杯,二次予選,○,阿部健治郎,森内俊之,●,,
2025-11-19,朝日杯,二次予選,●,佐藤康光,阿部健治郎,○,,
2025-11-19,朝日杯,二次予選,○,豊島将之,渡辺和史,●,,
2025-11-19,朝日杯,二次予選,○,豊島将之,谷川浩司,●,,
2025-11-20,順位戦,A級,■,渡辺明,佐藤天彦,□,,
2025-11-20,順位戦,A級,○,糸谷哲郎,中村太地,●,,
2025-11-20,叡王戦,予選,○,藤森哲也,岡部怜央,●,,
2025-11-20,叡王戦,予選,○,山本博志,藤森哲也,●,,
2025-11-20,叡王戦,予選,○,高野智史,田中悠一,●,,
2025-11-20,叡王戦,予選,○,渡辺大夢,高野智史,●,,
2025-11-20,叡王戦,予選,○,村山慈明,阿久津主税,●,,
2025-11-20,王位戦,予選,●,西尾明,鈴木大介,○,,
2025-11-20,王座戦,一次予選,●,黒沢怜生,村中秀史,○,,
2025-11-20,王座戦,一次予選,○,狩山幹生,都成竜馬,●,,
2025-11-20,王将戦,挑決リーグ,●,近藤誠也,伊藤匠,○,,
2025-11-20,王将戦,挑決リーグ,○,永瀬拓矢,大橋貴洸,●,,
2025-11-20,王将戦,挑決リーグ,○,佐々木勇気,菅井竜也,●,,
2025-11-21,叡王戦,予選,○,吉池隆真,獺ヶ口笑保人,●,,
2025-11-23,JT杯,決勝,●,永瀬拓矢,藤井聡太,○,,
2025-11-25,王位戦,予選,○,阿部光瑠,梶浦宏孝,●,,
2025-11-25,王座戦,一次予選,○,福間香奈,村田顕弘,●,,
2025-11-25,棋聖戦,二次予選,●,三浦弘行,増田康宏,○,,
2025-11-26,叡王戦,予選,●,都成竜馬,服部慎一郎,○,,
2025-11-26,叡王戦,予選,○,服部慎一郎,横山泰明,●,,
2025-11-26,叡王戦,予選,○,北浜健介,杉本昌隆,●,,
2025-11-26,朝日杯,二次予選,●,本田奎,羽生善治,○,,
2025-11-26,朝日杯,二次予選,○,千田翔太,八代弥,●,,
2025-11-26,朝日杯,二次予選,●,千田翔太,羽生善治,○,,
2025-11-26,新人戦,,○,永井大三段,高坂直矢三段,●,,
2025-11-27,順位戦,B級1組,○,伊藤匠,青嶋未来,●,,
2025-11-27,順位戦,B級1組,○,大橋貴洸,佐藤康光,●,,
2025-11-27,順位戦,B級1組,○,広瀬章人,高見泰地,●,,
2025-11-27,順位戦,B級1組,●,稲葉陽,石井健太郎,○,,
2025-11-27,順位戦,B級1組,●,大石直嗣,斎藤慎太郎,○,,
2025-11-27,順位戦,B級1組,○,菅井竜也,澤田真吾,●,,
2025-11-27,王位戦,予選,○,藤本渚,柵木幹太,●,,
2025-11-27,棋聖戦,二次予選,●,齊藤優希,阿久津主税,○,,
2025-11-27,棋聖戦,二次予選,●,中村太地,石田直裕,○,,
2025-11-27,棋聖戦,二次予選,○,豊島将之,古賀悠聖,●,,
2025-11-27,新人戦,,○,川村悠人三段,廣森航汰三段,●,千日手,
2025-11-28,叡王戦,予選,●,杉本和陽,古森悠太,○,,
2025-11-28,叡王戦,予選,○,黒田尭之,井田明宏,●,,
2025-11-28,叡王戦,予選,○,黒田尭之,古森悠太,●,,
2025-11-28,棋聖戦,二次予選,○,山崎隆之,南芳一,●,,
2025-11-28,朝日杯,二次予選,○,佐藤天彦,西尾明,●,,
2025-11-28,朝日杯,二次予選,○,山川泰熙,小山直希,●,,
2025-11-28,朝日杯,二次予選,○,佐藤天彦,山川泰熙,●,,
2025-11-28,新人戦,,○,北村啓太郎三段,村上邦和三段,●,,
2025-12-01,王位戦,予選,○,伊藤沙恵,金井恒太,●,,
2025-12-01,棋聖戦,二次予選,●,森内俊之,鈴木大介,○,,
2025-12-01,棋聖戦,二次予選,●,佐々木勇気,斎藤明日斗,○,,
2025-12-01,朝日杯,二次予選,●,中村太地,屋敷伸之,○,,
2025-12-01,朝日杯,二次予選,●,増田康宏,青嶋未来,○,,
2025-12-01,朝日杯,二次予選,●,屋敷伸之,青嶋未来,○,,
2025-12-02,叡王戦,予選,○,佐藤天彦,井上慶太,●,,
2025-12-02,叡王戦,予選,●,深浦康市,佐藤天彦,○,,
2025-12-02,叡王戦,予選,●,丸山忠久,塚田泰明,○,,
2025-12-02,叡王戦,予選,●,塚田泰明,山崎隆之,○,,
2025-12-02,王位戦,予選,○,高見泰地,岡部怜央,●,,
2025-12-02,王位戦,予選,●,谷川浩司,菅井竜也,○,,
2025-12-02,王座戦,一次予選,□,西田拓也,古森悠太,■,,
2025-12-02,棋聖戦,二次予選,○,村田顕弘,稲葉陽,●,,
2025-12-03,王座戦,一次予選,○,杉本昌隆,柵木幹太,●,,
2025-12-03,棋聖戦,二次予選,○,渡辺和史,阿部健治郎,●,,
2025-12-03,朝日杯,二次予選,○,藤本渚,糸谷哲郎,●,,
2025-12-03,朝日杯,二次予選,○,澤田真吾,上野裕寿,●,,
2025-12-03,朝日杯,二次予選,●,藤本渚,澤田真吾,○,,
2025-12-04,王座戦,一次予選,○,高橋佑二郎,田村康介,●,,
2025-12-04,王座戦,一次予選,●,佐藤慎一,西尾明,○,,
2025-12-04,朝日杯,二次予選,○,斎藤慎太郎,大橋貴洸,●,,
2025-12-04,朝日杯,二次予選,○,狩山幹生,池永天志,●,,
2025-12-04,朝日杯,二次予選,○,斎藤慎太郎,狩山幹生,●,,
2025-12-05,竜王戦,1組,●,八代弥,永瀬拓矢,○,,
2025-12-05,棋王戦,挑決トーナメント,○,増田康宏,斎藤明日斗,●,,
2025-12-05,棋王戦,挑決トーナメント,○,伊藤匠,糸谷哲郎,●,,
2025-12-05,棋聖戦,二次予選,●,菅井竜也,大石直嗣,○,,
2025-12-06,達人戦,本戦,●,行方尚史,森内俊之,○,千日手,
2025-12-06,達人戦,本戦,○,郷田真隆,谷川浩司,●,,
2025-12-06,達人戦,本戦,●,屋敷伸之,羽生善治,○,,
2025-12-06,達人戦,本戦,●,丸山忠久,佐藤康光,○,,
2025-12-07,達人戦,準決勝,●,郷田真隆,森内俊之,○,,
2025-12-07,達人戦,準決勝,●,佐藤康光,羽生善治,○,,
2025-12-07,達人戦,決勝,○,森内俊之,羽生善治,●,,
2025-12-08,叡王戦,予選,○,高見泰地,佐々木大地,●,,
2025-12-08,叡王戦,予選,○,服部慎一郎,高見泰地,●,,
2025-12-08,王位戦,予選,●,山本博志,伊藤匠,○,,
2025-12-08,王位戦,予選,○,杉本和陽,山川泰熙,●,,
2025-12-08,新人戦,,●,吉田響太三段,鳥巣友希三段,○,,
2025-12-09,順位戦,C級1組,○,宮本広志,中村修,●,,
2025-12-09,順位戦,C級1組,○,片上大輔,先崎学,●,,
2025-12-09,順位戦,C級1組,●,中川大輔,飯塚祐紀,○,,
2025-12-09,順位戦,C級1組,●,飯島栄治,古森悠太,○,,
2025-12-09,順位戦,C級1組,●,岡部怜央,西尾明,○,,
2025-12-09,順位戦,C級1組,●,阿部健治郎,高崎一生,○,,
2025-12-09,順位戦,C級1組,○,門倉啓太,阿部隆,●,,
2025-12-09,順位戦,C級1組,●,畠山鎮,上野裕寿,○,,
2025-12-09,順位戦,C級1組,●,畠山成幸,都成竜馬,○,,
2025-12-09,順位戦,C級1組,●,三枚堂達也,冨田誠也,○,,
2025-12-09,順位戦,C級1組,●,出口若武,村田顕弘,○,,
2025-12-09,順位戦,C級1組,○,高田明浩,池永天志,●,,
2025-12-09,順位戦,C級1組,○,黒田尭之,西田拓也,●,,
2025-12-09,順位戦,C級1組,●,井上慶太,杉本昌隆,○,,
2025-12-09,順位戦,C級1組,○,宮田敦史,船江恒平,●,,
2025-12-10,竜王戦,1組,○,斎藤慎太郎,広瀬章人,●,,
2025-12-10,順位戦,A級,○,佐々木勇気,近藤誠也,●,,
2025-12-10,順位戦,A級,●,佐藤天彦,糸谷哲郎,○,,
2025-12-10,順位戦,B級2組,○,及川拓馬,屋敷伸之,●,,
2025-12-10,順位戦,B級2組,○,鈴木大介,郷田真隆,●,,
2025-12-10,順位戦,B級2組,●,木村一基,藤井猛,○,,
2025-12-10,順位戦,B級2組,●,深浦康市,渡辺和史,○,,
2025-12-10,順位戦,B級2組,○,三浦弘行,阿久津主税,●,,
2025-12-10,順位戦,B級2組,○,行方尚史,佐藤和俊,●,,
2025-12-10,順位戦,B級2組,○,横山泰明,佐々木慎,●,,
2025-12-10,順位戦,B級2組,○,羽生善治,村山慈明,●,,
2025-12-10,順位戦,B級2組,●,北浜健介,久保利明,○,,
2025-12-10,順位戦,B級2組,○,戸辺誠,古賀悠聖,●,,
2025-12-10,順位戦,B級2組,○,谷川浩司,丸山忠久,●,,
2025-12-10,順位戦,B級2組,●,斎藤明日斗,山崎隆之,○,,
2025-12-10,順位戦,B級2組,●,松尾歩,藤本渚,○,,
2025-12-10,王位戦,予選,○,西川和宏,大橋貴洸,●,,
2025-12-10,新人戦,,●,木村友亮三段,福田晴紀三段,○,,
2025-12-11,順位戦,C級2組,●,高橋道雄,八代弥,○,,
2025-12-11,順位戦,C級2組,○,佐々木大地,北島忠雄,●,,
2025-12-11,順位戦,C級2組,○,横山友紀,佐藤紳哉,●,,
2025-12-11,順位戦,C級2組,●,高橋佑二郎,村中秀史,○,,
2025-12-11,順位戦,C級2組,●,阿部光瑠,獺ヶ口笑保人,○,,
2025-12-11,順位戦,C級2組,○,梶浦宏孝,小山直希,●,,
2025-12-11,順位戦,C級2組,●,田中悠一,中村亮介,○,,
2025-12-11,順位戦,C級2組,○,藤森哲也,吉池隆真,●,,
2025-12-11,順位戦,C級2組,○,長谷部浩平,山川泰熙,●,,
2025-12-11,順位戦,C級2組,○,宮嶋健太,齊藤優希,●,,
2025-12-11,順位戦,C級2組,○,遠山雄亮,日浦市郎,●,,
2025-12-11,順位戦,C級2組,●,千葉幸生,伊藤真吾,○,,
2025-12-11,順位戦,C級2組,●,阪口悟,佐藤慎一,○,,
2025-12-11,順位戦,C級2組,●,牧野光則,谷合廣紀,○,,
2025-12-11,順位戦,C級2組,○,井田明宏,高野智史,●,,
2025-12-11,順位戦,C級2組,●,本田奎,折田翔吾,○,,
2025-12-11,順位戦,C級2組,○,今泉健司,齊藤裕也,●,,
2025-12-11,順位戦,C級2組,○,徳田拳士,狩山幹生,●,,
2025-12-11,順位戦,C級2組,●,真田圭一,炭崎俊毅,○,,
2025-12-11,順位戦,C級2組,○,森本才跳,小山怜央,●,,
2025-12-12,竜王戦,1組,○,菅井竜也,佐藤康光,●,,
2025-12-12,竜王戦,1組,○,森内俊之,高見泰地,●,,
2025-12-12,順位戦,A級,●,千田翔太,永瀬拓矢,○,,
2025-12-12,棋王戦,挑決トーナメント,○,斎藤明日斗,伊藤匠,●,,
2025-12-12,新人戦,,●,小窪碧三段,國井勝太三段,○,千日手,
2025-12-15,竜王戦,6組,○,富岡英作,堀口一史座,●,,
2025-12-15,竜王戦,6組,●,藤原直哉,小林裕士,○,,
2025-12-15,棋聖戦,二次予選,●,大橋貴洸,藤本渚,○,千日手,
2025-12-16,竜王戦,4組,●,村田顕弘,山下数毅,○,,
2025-12-16,竜王戦,5組,○,古賀悠聖,竹内雄悟,●,,
2025-12-16,竜王戦,6組,●,松本佳介,小倉久史,○,,
2025-12-16,竜王戦,6組,○,冨田誠也,平藤真吾,●,,
2025-12-16,竜王戦,6組,●,横山友紀,牧野光則,○,,
2025-12-16,王座戦,一次予選,○,谷合廣紀,中川大輔,●,,
2025-12-16,王座戦,一次予選,●,小山直希,高橋道雄,○,,
2025-12-16,棋王戦,挑決第1局,●,斎藤明日斗,増田康宏,○,,
2025-12-17,竜王戦,6組,●,島朗,佐藤慎一,○,,
2025-12-17,竜王戦,6組,○,日浦市郎,塚田泰明,●,,
2025-12-17,竜王戦,6組,●,中村亮介,高橋佑二郎,○,,
2025-12-17,竜王戦,6組,○,黒田尭之,神崎健二,●,,
2025-12-17,竜王戦,6組,●,山本真也,畠山鎮,○,,
2025-12-17,竜王戦,6組,●,安用寺孝功,齊藤裕也,○,,
2025-12-18,竜王戦,5組,●,阪口悟,北浜健介,○,,
2025-12-18,竜王戦,6組,○,岡部怜央,高野秀行,●,,
2025-12-18,竜王戦,6組,●,今泉健司,西田拓也,○,,
2025-12-18,順位戦,B級1組,●,石井健太郎,広瀬章人,○,,
2025-12-18,順位戦,B級1組,●,青嶋未来,斎藤慎太郎,○,,
2025-12-18,順位戦,B級1組,○,佐藤康光,稲葉陽,●,,
2025-12-18,順位戦,B級1組,○,高見泰地,菅井竜也,●,,
2025-12-18,順位戦,B級1組,○,大橋貴洸,服部慎一郎,●,,
2025-12-18,順位戦,B級1組,○,澤田真吾,大石直嗣,●,,
2025-12-18,順位戦,C級2組,○,杉本和陽,森下卓,●,,
2025-12-18,順位戦,C級2組,●,佐藤秀司,星野良生,○,,
2025-12-18,順位戦,C級2組,●,窪田義行,山本博志,○,,
2025-12-18,順位戦,C級2組,●,田村康介,瀬川晶司,○,,
2025-12-18,順位戦,C級2組,●,渡辺大夢,金井恒太,○,,
2025-12-18,順位戦,C級2組,○,上村亘,石田直裕,●,,
2025-12-18,順位戦,C級2組,●,石川優太,井出隼平,○,,
2025-12-18,順位戦,C級2組,●,西川和宏,黒沢怜生,○,,
2025-12-18,叡王戦,予選,○,齊藤優希,徳田拳士,●,,
2025-12-18,叡王戦,予選,●,吉池隆真,齊藤優希,○,,
2025-12-19,竜王戦,1組,○,三浦弘行,松尾歩,●,,
2025-12-19,竜王戦,5組,●,村田智弘,阿部隆,○,,
2025-12-19,竜王戦,6組,○,岩村凛太朗,中七海,●,,
2025-12-19,順位戦,A級,●,豊島将之,中村太地,○,,
2025-12-19,順位戦,A級,■,渡辺明,増田康宏,□,,
2025-12-19,王位戦,予選,○,羽生善治,真田圭一,●,,
2025-12-19,棋聖戦,二次予選,●,丸山忠久,木村一基,○,,
2025-12-19,棋聖戦,二次予選,○,阿部光瑠,戸辺誠,●,,
2025-12-19,新人戦,,○,藤原悠暉三段,村田楽三段,●,,
2025-12-22,竜王戦,6組,●,木本陸斗アマ,片山史龍,○,,
2025-12-22,竜王戦,6組,○,浦野真彦,畠山成幸,●,,
2025-12-22,竜王戦,6組,●,福間香奈,生垣寛人,○,,
2025-12-22,叡王戦,予選,○,中村太地,北浜健介,●,,
2025-12-22,棋聖戦,二次予選,●,行方尚史,渡辺和史,○,,
2025-12-23,竜王戦,5組,○,門倉啓太,出口若武,●,,
2025-12-23,竜王戦,6組,○,中田功,脇謙二,●,,
2025-12-23,竜王戦,6組,○,森本才跳,宮本広志,●,,
2025-12-23,叡王戦,予選,●,黒沢怜生,池永天志,○,,
2025-12-23,叡王戦,予選,○,本田奎,池永天志,●,,
2025-12-23,王位戦,予選,○,藤本渚,西川和宏,●,,
2025-12-23,王位戦,予選,○,服部慎一郎,上野裕寿,●,,
2025-12-23,王座戦,一次予選,●,山本博志,岡部怜央,○,,
2025-12-24,竜王戦,1組,○,永瀬拓矢,斎藤慎太郎,●,,
2025-12-24,竜王戦,2組,●,近藤誠也,深浦康市,○,,
2025-12-24,竜王戦,4組,●,谷川浩司,井田明宏,○,,
2025-12-24,竜王戦,6組,○,勝又清和,豊川孝弘,●,,
2025-12-24,竜王戦,6組,○,徳田拳士,長岡裕也,●,,
2025-12-24,王位戦,予選,●,鈴木大介,杉本和陽,○,,
2025-12-24,王位戦,予選,○,阿部光瑠,高見泰地,●,,
2025-12-24,棋聖戦,二次予選,●,郷田真隆,八代弥,○,,
2025-12-24,棋聖戦,二次予選,○,高田明浩,久保利明,●,,
2025-12-25,竜王戦,1組,●,稲葉陽,木村一基,○,,
2025-12-25,竜王戦,5組,●,田村康介,星野良生,○,,
2025-12-25,竜王戦,5組,○,井出隼平,千葉幸生,●,,
2025-12-25,竜王戦,5組,●,井上慶太,柵木幹太,○,,
2025-12-25,竜王戦,6組,●,神谷広志,小山怜央,○,,
2025-12-25,王位戦,予選,○,羽生善治,高野智史,●,,
2025-12-25,王位戦,予選,●,伊藤沙恵,齊藤優希,○,,
2025-12-25,王座戦,一次予選,●,高崎一生,高橋佑二郎,○,,
2025-12-26,竜王戦,3組,●,大橋貴洸,糸谷哲郎,○,,
2025-12-26,竜王戦,5組,●,古森悠太,矢倉規広,○,,
2025-12-26,竜王戦,5組,●,遠山雄亮,谷合廣紀,○,,
2025-12-26,竜王戦,6組,●,入馬尚輝三段,中川慧梧アマ,○,,
2025-12-26,竜王戦,6組,●,上村亘,小山直希,○,,
2025-12-26,叡王戦,予選,●,佐藤紳哉,澤田真吾,○,,
2025-12-26,叡王戦,予選,●,三枚堂達也,澤田真吾,○,,
2025-12-26,叡王戦,予選,○,山本博志,狩山幹生,●,,
2025-12-26,叡王戦,予選,○,山本博志,黒田尭之,●,,
2025-12-26,叡王戦,予選,○,古賀悠聖,藤本渚,●,,
2025-12-26,叡王戦,予選,○,古賀悠聖,渡辺大夢,●,,
2025-12-26,王位戦,予選,●,大石直嗣,菅井竜也,○,,
2025-12-26,王座戦,一次予選,●,冨田誠也,西田拓也,○,,
2025-12-26,王座戦,一次予選,○,上野裕寿,福間香奈,●,,
2025-12-26,棋聖戦,二次予選,○,増田康宏,石田直裕,●,,
2025-12-27,竜王戦,4組,●,村山慈明,高田明浩,○,,
2025-12-27,竜王戦,6組,○,炭崎俊毅,稲葉聡アマ,●,,
2026-01-06,竜王戦,4組,○,飯島栄治,梶浦宏孝,●,,
2026-01-06,竜王戦,5組,●,山本博志,宮田敦史,○,,
2026-01-06,竜王戦,6組,○,獺ヶ口笑保人,西山朋佳,●,,
2026-01-06,叡王戦,本戦,●,齊藤優希,千田翔太,○,,
2026-01-06,王位戦,予選,●,増田康宏,伊藤匠,○,,
2026-01-06,王座戦,一次予選,●,瀬川晶司,本田奎,○,,
2026-01-06,王座戦,一次予選,○,炭崎俊毅,池永天志,●,,
2026-01-06,棋王戦,予選,●,横山泰明,佐々木大地,○,,
2026-01-06,棋王戦,予選,●,西尾明,伊藤真吾,○,,
2026-01-06,棋王戦,予選,●,遠山雄亮,吉池隆真,○,,
2026-01-06,棋王戦,予選,○,渡辺大夢,神谷広志,●,,
2026-01-06,棋王戦,予選,○,村田智弘,浦野真彦,●,,
2026-01-07,竜王戦,1組,○,羽生善治,佐々木勇気,●,,
2026-01-07,竜王戦,3組,●,高野智史,鈴木大介,○,,
2026-01-07,竜王戦,5組,○,片上大輔,渡辺正和,●,,
2026-01-07,叡王戦,本戦,●,村山慈明,永瀬拓矢,○,,
2026-01-07,叡王戦,本戦,○,藤井聡太,山崎隆之,●,,
2026-01-07,棋聖戦,二次予選,●,斎藤明日斗,屋敷伸之,○,,
2026-01-07,棋王戦,予選,○,藤井猛,高崎一生,●,,
2026-01-07,棋王戦,予選,●,大平武洋,井出隼平,○,,
2026-01-07,棋王戦,予選,●,富岡英作,勝又清和,○,,
2026-01-07,棋王戦,予選,○,安用寺孝功,神崎健二,●,,
2026-01-08,竜王戦,3組,●,阿部健治郎,石田直裕,○,,
2026-01-08,竜王戦,4組,○,野月浩貴,中村修,●,,
2026-01-08,竜王戦,4組,●,石川優太,西川和宏,○,,
2026-01-08,順位戦,C級2組,○,小山怜央,高橋道雄,●,,
2026-01-08,順位戦,C級2組,●,佐藤慎一,真田圭一,○,,
2026-01-08,順位戦,C級2組,○,谷合廣紀,窪田義行,●,,
2026-01-08,順位戦,C級2組,●,中村亮介,田村康介,○,,
2026-01-08,順位戦,C級2組,●,村中秀史,千葉幸生,○,,
2026-01-08,順位戦,C級2組,○,上村亘,田中悠一,●,,
2026-01-08,順位戦,C級2組,●,藤森哲也,長谷部浩平,○,,
2026-01-08,順位戦,C級2組,●,星野良生,高橋佑二郎,○,,
2026-01-08,順位戦,C級2組,●,小山直希,井田明宏,○,,
2026-01-08,順位戦,C級2組,●,北島忠雄,狩山幹生,○,,
2026-01-08,順位戦,C級2組,○,齊藤裕也,阿部光瑠,●,,
2026-01-08,王座戦,一次予選,○,黒田尭之,杉本昌隆,●,,
2026-01-08,棋聖戦,二次予選,●,松尾歩,阿久津主税,○,,
2026-01-08,棋聖戦,二次予選,●,今泉健司,藤本渚,○,,
2026-01-08,棋聖戦,二次予選,■,渡辺明,広瀬章人,□,,
2026-01-08,棋王戦,予選,○,八代弥,森内俊之,●,,
2026-01-08,棋王戦,予選,●,近藤正和,高野秀行,○,,
2026-01-08,棋王戦,予選,●,門倉啓太,行方尚史,○,,
2026-01-08,棋王戦,予選,○,長岡裕也,平藤真吾,●,,
2026-01-09,竜王戦,1組,●,郷田真隆,伊藤匠,○,,
2026-01-09,竜王戦,2組,●,豊島将之,久保利明,○,,
2026-01-09,竜王戦,6組,●,岩村凛太朗,山川泰熙,○,,
2026-01-09,王座戦,一次予選,●,三枚堂達也,金井恒太,○,,
2026-01-09,棋聖戦,二次予選,●,及川拓馬,広瀬章人,○,,
2026-01-09,棋聖戦,二次予選,○,佐藤天彦,木村一基,●,,
2026-01-09,棋聖戦,二次予選,○,服部慎一郎,谷川浩司,●,,
2026-01-09,棋聖戦,二次予選,●,大石直嗣,斎藤慎太郎,○,,
2026-01-09,棋王戦,予選,○,島朗,所司和晴,●,,
2026-01-09,棋王戦,予選,●,山下数毅,小林裕士,○,,
2026-01-11,棋王戦,予選,○,日浦市郎,横山大樹アマ,●,,
2026-01-11,王将戦,第1局,○,永瀬拓矢,藤井聡太,●,,
2026-01-12,竜王戦,6組,○,齊藤優希,荒田敏史アマ,●,,
2026-01-13,順位戦,A級,○,近藤誠也,増田康宏,●,,
2026-01-13,順位戦,C級1組,●,中村修,船江恒平,○,,
2026-01-13,順位戦,C級1組,○,飯塚祐紀,野月浩貴,●,,
2026-01-13,順位戦,C級1組,○,黒田尭之,飯島栄治,●,,
2026-01-13,順位戦,C級1組,○,高崎一生,宮田敦史,●,,
2026-01-13,順位戦,C級1組,●,片上大輔,門倉啓太,○,,
2026-01-13,順位戦,C級1組,○,池永天志,井上慶太,●,,
2026-01-13,順位戦,C級1組,○,阿部隆,出口若武,●,,
2026-01-13,順位戦,C級1組,●,先崎学,村田顕弘,○,,
2026-01-13,順位戦,C級1組,●,西尾明,畠山鎮,○,,
2026-01-13,順位戦,C級1組,○,上野裕寿,畠山成幸,●,,
2026-01-13,順位戦,C級1組,○,都成竜馬,阿部健治郎,●,,
2026-01-13,順位戦,C級1組,○,西田拓也,宮本広志,●,,
2026-01-13,順位戦,C級1組,●,冨田誠也,高田明浩,○,,
2026-01-13,順位戦,C級1組,○,杉本昌隆,中川大輔,●,,
2026-01-13,順位戦,C級1組,●,古森悠太,岡部怜央,○,,
2026-01-13,棋王戦,予選,○,柵木幹太,福間香奈,●,,
2026-01-14,竜王戦,6組,○,生垣寛人,南芳一,●,,
2026-01-14,順位戦,A級,●,千田翔太,佐々木勇気,○,,
2026-01-14,順位戦,B級2組,●,佐藤和俊,羽生善治,○,,
2026-01-14,順位戦,B級2組,○,佐々木慎,屋敷伸之,●,,
2026-01-14,順位戦,B級2組,○,丸山忠久,深浦康市,●,,
2026-01-14,順位戦,B級2組,●,郷田真隆,斎藤明日斗,○,,
2026-01-14,順位戦,B級2組,○,久保利明,戸辺誠,●,,
2026-01-14,順位戦,B級2組,○,阿久津主税,鈴木大介,●,,
2026-01-14,順位戦,B級2組,●,横山泰明,松尾歩,○,,
2026-01-14,順位戦,B級2組,●,藤井猛,谷川浩司,○,,
2026-01-14,順位戦,B級2組,○,藤本渚,行方尚史,●,,
2026-01-14,順位戦,B級2組,○,山崎隆之,三浦弘行,●,,
2026-01-14,順位戦,B級2組,○,村山慈明,木村一基,●,,
2026-01-14,順位戦,B級2組,●,渡辺和史,北浜健介,○,,
2026-01-14,順位戦,B級2組,○,古賀悠聖,及川拓馬,●,,
2026-01-14,棋王戦,予選,●,塚田泰明,小山怜央,○,,
2026-01-14,棋王戦,予選,●,岩村凛太朗,松本佳介,○,,
2026-01-15,順位戦,A級,●,中村太地,佐藤天彦,○,,
2026-01-15,順位戦,B級1組,○,佐藤康光,石井健太郎,●,,
2026-01-15,順位戦,B級1組,○,大石直嗣,高見泰地,●,,
2026-01-15,順位戦,B級1組,●,菅井竜也,斎藤慎太郎,○,千日手,
2026-01-15,順位戦,B級1組,○,服部慎一郎,伊藤匠,●,,
2026-01-15,順位戦,B級1組,○,広瀬章人,大橋貴洸,●,,
2026-01-15,順位戦,B級1組,○,澤田真吾,稲葉陽,●,,
2026-01-15,順位戦,C級2組,●,森下卓,宮嶋健太,○,,
2026-01-15,順位戦,C級2組,○,八代弥,西川和宏,●,,
2026-01-15,順位戦,C級2組,○,佐藤紳哉,渡辺大夢,●,,
2026-01-15,順位戦,C級2組,○,黒沢怜生,梶浦宏孝,●,,
2026-01-15,順位戦,C級2組,○,山川泰熙,瀬川晶司,●,,
2026-01-15,順位戦,C級2組,●,金井恒太,本田奎,○,,
2026-01-15,順位戦,C級2組,●,石田直裕,杉本和陽,○,,
2026-01-15,順位戦,C級2組,●,獺ヶ口笑保人,高野智史,○,,
2026-01-15,順位戦,C級2組,○,吉池隆真,炭崎俊毅,●,,
2026-01-15,順位戦,C級2組,●,伊藤真吾,佐々木大地,○,,
2026-01-15,順位戦,C級2組,●,日浦市郎,横山友紀,○,,
2026-01-15,順位戦,C級2組,●,阪口悟,佐藤秀司,○,,
2026-01-15,順位戦,C級2組,○,遠山雄亮,徳田拳士,●,,
2026-01-15,順位戦,C級2組,●,今泉健司,井出隼平,○,千日手,
2026-01-15,順位戦,C級2組,○,折田翔吾,森本才跳,●,,
2026-01-15,順位戦,C級2組,○,山本博志,牧野光則,●,,
2026-01-15,順位戦,C級2組,○,齊藤優希,石川優太,●,,
2026-01-16,竜王戦,6組,●,窪田義行,近藤正和,○,,
2026-01-16,竜王戦,6組,●,大平武洋,片山史龍,○,,
2026-01-16,竜王戦,6組,●,岡崎洋,真田圭一,○,,
2026-01-16,順位戦,A級,○,永瀬拓矢,豊島将之,●,,
2026-01-16,順位戦,A級,■,渡辺明,糸谷哲郎,□,,
2026-01-16,棋王戦,予選,●,竹内雄悟,矢倉規広,○,,
2026-01-17,朝日杯,本戦,○,伊藤匠,羽生善治,●,,
2026-01-17,朝日杯,本戦,●,服部慎一郎,青嶋未来,○,,
2026-01-17,朝日杯,本戦,●,青嶋未来,伊藤匠,○,,
2026-01-18,朝日杯,本戦,●,菅井竜也,藤井聡太,○,,
2026-01-18,朝日杯,本戦,●,佐々木勇気,斎藤慎太郎,○,,
2026-01-18,朝日杯,本戦,●,斎藤慎太郎,藤井聡太,○,,
2026-01-19,竜王戦,5組,○,斎藤明日斗,先崎学,●,,
2026-01-19,竜王戦,5組,○,飯塚祐紀,中川大輔,●,,
2026-01-19,王座戦,一次予選,●,塚田泰明,谷合廣紀,○,,
2026-01-20,竜王戦,2組,○,池永天志,佐々木大地,●,,
2026-01-20,竜王戦,2組,○,屋敷伸之,阿久津主税,●,,
2026-01-20,竜王戦,4組,○,長谷部浩平,横山泰明,●,,
2026-01-20,竜王戦,4組,○,藤本渚,折田翔吾,●,,
2026-01-20,竜王戦,6組,●,島本亮,炭崎俊毅,○,,
2026-01-20,叡王戦,本戦,●,中村太地,山本博志,○,,
2026-01-20,朝日杯,本戦,○,佐藤天彦,永瀬拓矢,●,,
2026-01-20,朝日杯,本戦,○,井田明宏,澤田真吾,●,,
2026-01-20,朝日杯,本戦,●,井田明宏,佐藤天彦,○,,
2026-01-21,竜王戦,2組,●,藤井猛,都成竜馬,○,,
2026-01-21,竜王戦,3組,○,増田康宏,石井健太郎,●,,
2026-01-21,竜王戦,4組,●,金井恒太,杉本和陽,○,,
2026-01-21,竜王戦,4組,○,戸辺誠,渡辺和史,●,,
2026-01-21,竜王戦,6組,●,森下卓,宮嶋健太,○,,
2026-01-21,竜王戦,6組,●,田中悠一,瀬川晶司,○,,
2026-01-21,竜王戦,6組,●,伊藤沙恵,吉池隆真,○,,
2026-01-21,竜王戦,6組,●,齊藤裕也,牧野光則,○,,
2026-01-21,叡王戦,本戦,○,糸谷哲郎,郷田真隆,●,,
2026-01-21,叡王戦,本戦,○,藤井聡太,千田翔太,●,,
2026-01-21,棋王戦,予選,●,阿部隆,北浜健介,○,,
2026-01-21,棋王戦,予選,○,出口若武,久保利明,●,,
2026-01-21,棋王戦,予選,○,石川優太,畠山成幸,●,,
2026-01-21,棋王戦,予選,○,西田拓也,徳田拳士,●,,
2026-01-21,棋王戦,予選,●,畠山鎮,井上慶太,○,,
2026-01-22,竜王戦,3組,○,青嶋未来,大石直嗣,●,,
2026-01-22,竜王戦,4組,○,佐藤紳哉,高橋道雄,●,,
2026-01-22,竜王戦,4組,●,伊藤真吾,北島忠雄,○,,
2026-01-22,叡王戦,本戦,○,古賀悠聖,服部慎一郎,●,,
2026-01-22,王座戦,一次予選,○,上野裕寿,狩山幹生,●,,
2026-01-22,王座戦,二次予選,●,佐々木慎,森内俊之,○,,
2026-01-22,棋王戦,予選,●,梶浦宏孝,三浦弘行,○,,
2026-01-22,朝日杯,本戦,○,近藤誠也,豊島将之,●,,
2026-01-22,朝日杯,本戦,■,丸山忠久,阿部健治郎,□,,
2026-01-22,朝日杯,本戦,●,近藤誠也,阿部健治郎,○,,
2026-01-23,竜王戦,4組,●,村中秀史,高崎一生,○,,
2026-01-23,叡王戦,本戦,○,佐藤天彦,澤田真吾,●,,
2026-01-23,叡王戦,本戦,○,斎藤慎太郎,本田奎,●,,
2026-01-23,王座戦,一次予選,○,岡部怜央,西尾明,●,,
2026-01-23,王座戦,二次予選,○,行方尚史,佐藤和俊,●,,
2026-01-23,棋聖戦,二次予選,○,高見泰地,真田圭一,●,,
2026-01-23,棋王戦,予選,●,岡崎洋,渡辺正和,○,,
2026-01-23,棋王戦,予選,●,獺ヶ口笑保人,片山史龍,○,,
2026-01-23,棋王戦,予選,●,高田明浩,船江恒平,○,,
2026-01-23,棋王戦,予選,○,冨田誠也,村田顕弘,●,,
2026-01-24,王将戦,第2局,○,藤井聡太,永瀬拓矢,●,,
2026-01-26,棋聖戦,二次予選,●,豊島将之,藤本渚,○,,
2026-01-26,棋王戦,予選,○,池永天志,谷川浩司,●,,
2026-01-26,新人戦,,○,横山友紀,入馬尚輝三段,●,,
2026-01-27,順位戦,A級,○,糸谷哲郎,永瀬拓矢,●,,
2026-01-27,順位戦,A級,●,増田康宏,千田翔太,○,,
2026-01-27,順位戦,A級,●,佐藤天彦,近藤誠也,○,,
2026-01-27,順位戦,A級,○,佐々木勇気,中村太地,●,,
2026-01-27,順位戦,A級,■,渡辺明,豊島将之,□,,
2026-01-27,棋王戦,予選,○,丸山忠久,先崎学,●,,
2026-01-27,棋王戦,予選,○,山本博志,瀬川晶司,●,,
2026-01-27,棋王戦,予選,○,杉本昌隆,森本才跳,●,,
2026-01-27,王将戦,一次予選,●,山本真也,阿部隆,○,,
2026-01-27,王将戦,一次予選,●,阿部隆,服部慎一郎,○,,
2026-01-27,王将戦,一次予選,○,出口若武,今泉健司,●,,
2026-01-27,新人戦,,●,福田晴紀三段,岡部怜央,○,,
2026-01-28,竜王戦,1組,○,菅井竜也,三浦弘行,●,,
2026-01-28,竜王戦,3組,●,狩山幹生,及川拓馬,○,,
2026-01-28,竜王戦,4組,○,渡辺大夢,西尾明,●,,
2026-01-28,竜王戦,5組,○,柵木幹太,船江恒平,●,,
2026-01-28,竜王戦,6組,○,冨田誠也,小林裕士,●,,
2026-01-28,王座戦,二次予選,●,藤井猛,渡辺和史,○,,
2026-01-28,棋王戦,予選,○,井出隼平,片上大輔,●,,
2026-01-28,棋王戦,予選,●,黒田尭之,上野裕寿,○,,
2026-01-28,王将戦,一次予選,○,金井恒太,堀口一史座,●,,
2026-01-28,王将戦,一次予選,○,金井恒太,石井健太郎,●,,
2026-01-28,王将戦,一次予選,●,中田功,都成竜馬,○,,
2026-01-28,王将戦,一次予選,○,井田明宏,長岡裕也,●,,
2026-01-28,王将戦,一次予選,●,村山慈明,井田明宏,○,,
2026-01-28,王将戦,一次予選,●,石川優太,牧野光則,○,,
2026-01-28,王将戦,一次予選,●,徳田拳士,炭崎俊毅,○,,
2026-01-28,王将戦,一次予選,○,牧野光則,炭崎俊毅,●,,
2026-01-29,竜王戦,3組,○,佐々木慎,行方尚史,●,,
2026-01-29,竜王戦,5組,●,門倉啓太,矢倉規広,○,,
2026-01-29,竜王戦,6組,○,畠山鎮,浦野真彦,●,,
2026-01-29,順位戦,C級2組,○,山川泰熙,日浦市郎,●,,
2026-01-29,順位戦,C級2組,○,佐藤慎一,佐藤秀司,●,,
2026-01-29,順位戦,C級2組,○,真田圭一,本田奎,●,,
2026-01-29,順位戦,C級2組,○,梶浦宏孝,窪田義行,●,,
2026-01-29,順位戦,C級2組,○,星野良生,田村康介,●,,
2026-01-29,順位戦,C級2組,●,杉本和陽,吉池隆真,○,,
2026-01-29,順位戦,C級2組,○,齊藤優希,高橋佑二郎,●,,
2026-01-29,順位戦,C級2組,●,谷合廣紀,遠山雄亮,○,,
2026-01-29,順位戦,C級2組,○,折田翔吾,村中秀史,●,,
2026-01-29,順位戦,C級2組,○,齊藤裕也,獺ヶ口笑保人,●,,
2026-01-29,王座戦,一次予選,○,飯島栄治,高橋道雄,●,,
2026-01-29,棋聖戦,二次予選,○,山崎隆之,阿部光瑠,●,,
2026-01-29,棋王戦,予選,●,屋敷伸之,飯塚祐紀,○,,
2026-01-29,棋王戦,予選,○,宮嶋健太,佐藤和俊,●,,
2026-01-29,棋王戦,予選,○,宮本広志,阪口悟,●,,
2026-01-29,王将戦,一次予選,○,島朗,小倉久史,●,,
2026-01-29,王将戦,一次予選,○,木村一基,島朗,●,千日手,
2026-01-29,王将戦,一次予選,○,佐藤紳哉,藤森哲也,●,,
2026-01-30,竜王戦,1組,●,羽生善治,伊藤匠,○,,
2026-01-30,叡王戦,本戦,●,古賀悠聖,斎藤慎太郎,○,,
2026-01-30,王座戦,二次予選,○,佐藤康光,戸辺誠,●,,
2026-01-30,王座戦,二次予選,●,長谷部浩平,斎藤明日斗,○,,
2026-01-30,王座戦,二次予選,○,大橋貴洸,大石直嗣,●,,
2026-01-30,棋聖戦,二次予選,●,鈴木大介,八代弥,○,,
2026-01-30,棋王戦,予選,○,藤原直哉,中田功,●,,
2026-01-30,王将戦,一次予選,●,阿部健治郎,野月浩貴,○,,
2026-01-30,王将戦,一次予選,○,横山泰明,野月浩貴,●,,
2026-01-30,王将戦,一次予選,●,森下卓,石田直裕,○,,
2026-01-30,王将戦,一次予選,●,石田直裕,阿久津主税,○,,
2026-01-30,王将戦,一次予選,○,生垣寛人,西川和宏,●,,
2026-01-30,王将戦,一次予選,●,黒田尭之,生垣寛人,○,,
2026-01-30,新人戦,,○,北村啓太郎三段,狩山幹生,●,,
2026-02-02,竜王戦,5組,●,中村太地,藤森哲也,○,,
2026-02-02,棋聖戦,二次予選,○,服部慎一郎,村田顕弘,●,,
2026-02-02,棋王戦,予選,○,豊川孝弘,堀口一史座,●,,
2026-02-02,棋王戦,予選,●,星野良生,高野秀行,○,,
2026-02-03,順位戦,C級1組,●,井上慶太,飯島栄治,○,,
2026-02-03,順位戦,C級1組,●,先崎学,池永天志,○,,
2026-02-03,順位戦,C級1組,○,宮田敦史,中川大輔,●,,
2026-02-03,順位戦,C級1組,○,飯塚祐紀,杉本昌隆,●,,
2026-02-03,順位戦,C級1組,●,野月浩貴,冨田誠也,○,,
2026-02-03,順位戦,C級1組,○,三枚堂達也,西尾明,●,,
2026-02-03,順位戦,C級1組,●,中村修,阿部隆,○,,
2026-02-03,順位戦,C級1組,○,畠山鎮,片上大輔,●,,
2026-02-03,順位戦,C級1組,●,畠山成幸,黒田尭之,○,,
2026-02-03,順位戦,C級1組,●,高崎一生,西田拓也,○,,
2026-02-03,順位戦,C級1組,●,阿部健治郎,出口若武,○,,
2026-02-03,順位戦,C級1組,●,船江恒平,古森悠太,○,,
2026-02-03,順位戦,C級1組,○,都成竜馬,門倉啓太,●,,
2026-02-03,順位戦,C級1組,○,宮本広志,上野裕寿,●,,
2026-02-03,順位戦,C級1組,○,岡部怜央,高田明浩,●,,
2026-02-03,王座戦,二次予選,●,増田康宏,千田翔太,○,,
2026-02-03,王将戦,第3局,○,永瀬拓矢,藤井聡太,●,,
2026-02-04,竜王戦,6組,○,獺ヶ口笑保人,小倉久史,●,,
2026-02-04,順位戦,B級2組,○,羽生善治,鈴木大介,●,,
2026-02-04,順位戦,B級2組,○,丸山忠久,及川拓馬,●,,
2026-02-04,順位戦,B級2組,○,松尾歩,藤井猛,●,,
2026-02-04,順位戦,B級2組,●,佐藤和俊,深浦康市,○,,
2026-02-04,順位戦,B級2組,○,佐々木慎,三浦弘行,●,,
2026-02-04,順位戦,B級2組,○,阿久津主税,行方尚史,●,,
2026-02-04,順位戦,B級2組,●,木村一基,横山泰明,○,,
2026-02-04,順位戦,B級2組,●,斎藤明日斗,渡辺和史,○,,
2026-02-04,順位戦,B級2組,●,郷田真隆,山崎隆之,○,,
2026-02-04,順位戦,B級2組,○,久保利明,古賀悠聖,●,,
2026-02-04,順位戦,B級2組,●,北浜健介,村山慈明,○,,
2026-02-04,順位戦,B級2組,●,屋敷伸之,谷川浩司,○,,
2026-02-04,順位戦,B級2組,●,戸辺誠,藤本渚,○,,
2026-02-04,叡王戦,本戦,○,佐藤天彦,糸谷哲郎,●,,
2026-02-04,棋王戦,予選,○,安用寺孝功,脇謙二,●,,
2026-02-04,棋王戦,予選,●,山本真也,島本亮,○,,
2026-02-05,竜王戦,6組,○,真田圭一,日浦市郎,●,,
2026-02-05,順位戦,B級1組,○,伊藤匠,高見泰地,●,,
2026-02-05,順位戦,B級1組,○,青嶋未来,佐藤康光,●,,
2026-02-05,順位戦,B級1組,○,広瀬章人,澤田真吾,●,,
2026-02-05,順位戦,B級1組,○,稲葉陽,大石直嗣,●,,
2026-02-05,順位戦,B級1組,●,菅井竜也,大橋貴洸,○,,
2026-02-05,順位戦,B級1組,●,石井健太郎,服部慎一郎,○,,
2026-02-05,順位戦,C級2組,●,高橋道雄,千葉幸生,○,,
2026-02-05,順位戦,C級2組,○,井出隼平,森下卓,●,,
2026-02-05,順位戦,C級2組,○,宮嶋健太,北島忠雄,●,,
2026-02-05,順位戦,C級2組,○,佐藤紳哉,佐々木大地,●,,
2026-02-05,順位戦,C級2組,●,阿部光瑠,小山怜央,○,,
2026-02-05,順位戦,C級2組,○,長谷部浩平,金井恒太,●,,
2026-02-05,順位戦,C級2組,○,小山直希,牧野光則,●,,
2026-02-05,順位戦,C級2組,○,石田直裕,山本博志,●,,
2026-02-05,順位戦,C級2組,○,高野智史,渡辺大夢,●,,
2026-02-05,順位戦,C級2組,○,黒沢怜生,伊藤真吾,●,,
2026-02-05,順位戦,C級2組,○,炭崎俊毅,八代弥,●,,
2026-02-05,順位戦,C級2組,○,西川和宏,今泉健司,●,,
2026-02-05,順位戦,C級2組,○,狩山幹生,森本才跳,●,,
2026-02-05,順位戦,C級2組,●,中村亮介,徳田拳士,○,,
2026-02-05,順位戦,C級2組,●,瀬川晶司,阪口悟,○,,
2026-02-05,順位戦,C級2組,○,田中悠一,井田明宏,●,,
2026-02-05,順位戦,C級2組,○,石川優太,藤森哲也,●,,
2026-02-05,順位戦,C級2組,○,横山友紀,上村亘,●,,
2026-02-05,王座戦,一次予選,○,山川泰熙,村中秀史,●,,
2026-02-06,竜王戦,6組,●,所司和晴,齊藤優希,○,,
2026-02-06,王将戦,一次予選,●,南芳一,折田翔吾,○,,
2026-02-06,王将戦,一次予選,○,浦野真彦,藤原直哉,●,,
2026-02-06,王将戦,一次予選,●,折田翔吾,浦野真彦,○,,
2026-02-08,棋王戦,第1局,●,藤井聡太,増田康宏,○,,
2026-02-08,王位戦,挑決リーグ,○,永瀬拓矢,佐々木大地,●,,
2026-02-09,王位戦,挑決リーグ,●,齊藤優希,羽生善治,○,,
2026-02-10,竜王戦,5組,○,井出隼平,宮田敦史,●,,
2026-02-10,王座戦,二次予選,●,村山慈明,藤本渚,○,,
2026-02-10,棋王戦,予選,●,高橋道雄,山川泰熙,○,,
2026-02-10,棋王戦,予選,●,牧野光則,小林裕士,○,,
2026-02-10,新人戦,,●,獺ヶ口笑保人,宮嶋健太,○,,
2026-02-10,新人戦,,○,片山史龍,野原未蘭,●,,
2026-02-11,王座戦,二次予選,●,横山泰明,永瀬拓矢,○,,
2026-02-11,朝日杯,準決勝,●,佐藤天彦,藤井聡太,○,,
2026-02-11,朝日杯,準決勝,○,伊藤匠,阿部健治郎,●,,
2026-02-11,朝日杯,決勝,●,伊藤匠,藤井聡太,○,,
2026-02-12,王位戦,挑決リーグ,●,菅井竜也,阿部光瑠,○,,
2026-02-12,王座戦,一次予選,○,谷合廣紀,岡部怜央,●,,
2026-02-12,王座戦,二次予選,●,深浦康市,佐々木勇気,○,,
2026-02-12,王座戦,二次予選,○,鈴木大介,松尾歩,●,,
2026-02-12,王座戦,二次予選,○,澤田真吾,稲葉陽,●,,
2026-02-12,棋聖戦,二次予選,●,屋敷伸之,高見泰地,○,,
2026-02-12,棋聖戦,二次予選,○,斎藤慎太郎,高田明浩,●,,
2026-02-12,棋王戦,予選,○,阿久津主税,窪田義行,●,,
2026-02-12,棋王戦,予選,●,村中秀史,佐藤紳哉,○,,
2026-02-12,王将戦,一次予選,●,北島忠雄,吉池隆真,○,,
2026-02-13,王位戦,挑決リーグ,●,服部慎一郎,古賀悠聖,○,,
2026-02-13,王座戦,一次予選,●,炭崎俊毅,黒田尭之,○,,
2026-02-13,王座戦,二次予選,●,石川優太,出口若武,○,,
2026-02-13,棋王戦,予選,●,齊藤裕也,柵木幹太,○,,
2026-02-14,竜王戦,6組,○,佐藤秀司,中川慧梧アマ,●,,
2026-02-14,叡王戦,本戦,●,山本博志,永瀬拓矢,○,,
2026-02-16,王座戦,一次予選,●,佐藤紳哉,本田奎,○,,
2026-02-16,王座戦,二次予選,●,谷川浩司,豊島将之,○,,
2026-02-16,棋王戦,予選,●,中村修,羽生善治,○,,
2026-02-16,棋王戦,予選,●,高橋佑二郎,吉池隆真,○,,
2026-02-16,新人戦,,○,森本才跳,生垣寛人,●,,
2026-02-17,竜王戦,5組,○,上野裕寿,杉本昌隆,●,,
2026-02-17,叡王戦,本戦,○,斎藤慎太郎,佐藤天彦,●,,
2026-02-17,王座戦,二次予選,○,近藤誠也,高見泰地,●,,
2026-02-17,棋王戦,予選,○,西川和宏,山崎隆之,●,,
2026-02-17,王将戦,第4局,●,藤井聡太,永瀬拓矢,○,,
2026-02-18,王位戦,挑決リーグ,○,伊藤匠,杉本和陽,●,,
2026-02-18,王座戦,一次予選,○,西田拓也,飯島栄治,●,,
2026-02-18,王座戦,二次予選,○,中村太地,三浦弘行,●,,
2026-02-18,王座戦,二次予選,●,石井健太郎,青嶋未来,○,,
2026-02-18,棋王戦,予選,○,渡辺和史,宮田敦史,●,,
2026-02-18,新人戦,,○,永井大三段,古賀悠聖,●,,
2026-02-19,王位戦,挑決リーグ,○,藤本渚,佐々木勇気,●,,
2026-02-19,王座戦,二次予選,○,及川拓馬,阿久津主税,●,,
2026-02-19,王座戦,二次予選,●,菅井竜也,久保利明,○,,
2026-02-20,竜王戦,2組,●,佐藤天彦,服部慎一郎,○,,
2026-02-20,竜王戦,3組,○,本田奎,三枚堂達也,●,,
2026-02-20,竜王戦,4組,○,千田翔太,黒沢怜生,●,,
2026-02-20,竜王戦,4組,●,佐藤和俊,阿部光瑠,○,,
2026-02-20,王将戦,一次予選,●,田村康介,中村亮介,○,,
2026-02-20,王将戦,一次予選,○,中村亮介,行方尚史,●,,
2026-02-20,王将戦,一次予選,●,宮本広志,神崎健二,○,,
2026-02-20,王将戦,一次予選,●,神崎健二,大石直嗣,○,,
2026-02-20,新人戦,,○,鳥巣友希三段,岩村凛太朗,●,,
2026-02-21,棋王戦,第2局,●,増田康宏,藤井聡太,○,,
2026-02-23,王位戦,挑決リーグ,●,羽生善治,永瀬拓矢,○,,
2026-02-23,王将戦,一次予選,○,片上大輔,高野秀行,●,,
2026-02-23,王将戦,一次予選,●,片上大輔,佐藤康光,○,,
2026-02-24,王座戦,一次予選,●,高橋佑二郎,山川泰熙,○,,
2026-02-24,王将戦,一次予選,●,高橋道雄,八代弥,○,,
2026-02-24,王将戦,一次予選,○,鈴木大介,八代弥,●,,
2026-02-24,新人戦,,●,藤原悠暉三段,藤本渚,○,,
2026-02-25,竜王戦,2組,○,澤田真吾,丸山忠久,●,千日手2,
2026-02-25,竜王戦,6組,○,小山直希,吉池隆真,●,,
2026-02-25,王座戦,二次予選,○,山崎隆之,北浜健介,●,,
2026-02-25,棋王戦,予選,○,松本佳介,森下卓,●,,
2026-02-25,棋王戦,予選,●,阿部健治郎,小山怜央,○,,
2026-02-25,王将戦,一次予選,●,塚田泰明,真田圭一,○,,
2026-02-25,王将戦,一次予選,○,真田圭一,斎藤明日斗,●,,
2026-02-25,王将戦,一次予選,●,所司和晴,渡辺大夢,○,,
2026-02-25,王将戦,一次予選,○,黒沢怜生,佐藤慎一,●,,
2026-02-25,王将戦,一次予選,●,黒沢怜生,広瀬章人,○,,
2026-02-25,王将戦,一次予選,●,脇謙二,小林裕士,○,,
2026-02-25,王将戦,一次予選,●,阪口悟,畠山成幸,○,,
2026-02-25,王将戦,一次予選,●,畠山成幸,小林裕士,○,,
2026-02-26,竜王戦,3組,○,石田直裕,青嶋未来,●,,
2026-02-26,竜王戦,6組,●,中田功,西田拓也,○,,
2026-02-26,順位戦,A級,●,永瀬拓矢,佐藤天彦,○,,
2026-02-26,順位戦,A級,○,豊島将之,佐々木勇気,●,,
2026-02-26,順位戦,A級,○,近藤誠也,糸谷哲郎,●,,
2026-02-26,順位戦,A級,●,中村太地,増田康宏,○,,
2026-02-26,順位戦,A級,□,千田翔太,渡辺明,■,,
2026-02-26,棋王戦,予選,○,佐藤秀司,日浦市郎,●,,
2026-02-26,棋王戦,予選,○,北島忠雄,杉本和陽,●,,
2026-02-26,棋王戦,予選,○,三枚堂達也,戸辺誠,●,,
2026-02-27,竜王戦,1組,●,木村一基,森内俊之,○,,
2026-02-27,竜王戦,6組,●,近藤正和,岡部怜央,○,,
2026-02-27,王位戦,挑決リーグ,●,服部慎一郎,伊藤匠,○,,
2026-02-27,王座戦,一次予選,○,本田奎,金井恒太,●,,
2026-02-27,王座戦,二次予選,●,古賀悠聖,斎藤慎太郎,○,,
2026-02-27,棋王戦,予選,○,高野智史,及川拓馬,●,,
2026-02-27,棋王戦,予選,○,長谷部浩平,中川大輔,●,,
2026-02-27,棋王戦,予選,○,藤森哲也,片山史龍,●,,
2026-02-27,棋王戦,予選,●,古森悠太,藤本渚,○,,
2026-02-27,王将戦,一次予選,○,齊藤優希,渡辺正和,●,,
2026-03-01,棋王戦,第3局,●,藤井聡太,増田康宏,○,,
2026-03-02,竜王戦,6組,●,真田圭一,獺ヶ口笑保人,○,,
2026-03-02,順位戦,A級 プレーオフ,○,糸谷哲郎,永瀬拓矢,●,,
2026-03-02,王将戦,一次予選,●,勝又清和,宮嶋健太,○,,
2026-03-02,王将戦,一次予選,○,千葉幸生,村中秀史,●,,
2026-03-02,王将戦,一次予選,●,宮嶋健太,千葉幸生,○,,
2026-03-03,竜王戦,4組,○,長谷部浩平,北島忠雄,●,,
2026-03-03,順位戦,C級1組,○,村田顕弘,中村修,●,,
2026-03-03,順位戦,C級1組,●,阿部隆,阿部健治郎,○,,
2026-03-03,順位戦,C級1組,●,高田明浩,先崎学,○,,
2026-03-03,順位戦,C級1組,●,中川大輔,岡部怜央,○,,
2026-03-03,順位戦,C級1組,○,片上大輔,畠山成幸,●,,
2026-03-03,順位戦,C級1組,○,出口若武,飯塚祐紀,●,,
2026-03-03,順位戦,C級1組,●,上野裕寿,野月浩貴,○,,
2026-03-03,順位戦,C級1組,○,西尾明,船江恒平,●,,
2026-03-03,順位戦,C級1組,●,門倉啓太,高崎一生,○,,
2026-03-03,順位戦,C級1組,○,西田拓也,三枚堂達也,●,,
2026-03-03,順位戦,C級1組,○,冨田誠也,井上慶太,●,,
2026-03-03,順位戦,C級1組,○,畠山鎮,飯島栄治,●,千日手,
2026-03-03,順位戦,C級1組,●,杉本昌隆,都成竜馬,○,,
2026-03-03,順位戦,C級1組,●,池永天志,宮田敦史,○,,
2026-03-03,順位戦,C級1組,○,古森悠太,宮本広志,●,,
2026-03-03,王将戦,一次予選,●,島本亮,柵木幹太,○,,
2026-03-03,王将戦,一次予選,○,森本才跳,山下数毅,●,,
2026-03-03,王将戦,一次予選,●,柵木幹太,森本才跳,○,,
2026-03-03,新人戦,,○,吉池隆真,川村悠人三段,●,,
2026-03-04,竜王戦,6組,●,山川泰熙,黒田尭之,○,,
2026-03-04,順位戦,B級2組,●,藤井猛,羽生善治,○,,
2026-03-04,順位戦,B級2組,○,行方尚史,屋敷伸之,●,,
2026-03-04,順位戦,B級2組,○,三浦弘行,郷田真隆,●,,
2026-03-04,順位戦,B級2組,○,深浦康市,戸辺誠,●,,
2026-03-04,順位戦,B級2組,○,鈴木大介,斎藤明日斗,●,,
2026-03-04,順位戦,B級2組,●,渡辺和史,松尾歩,○,,
2026-03-04,順位戦,B級2組,○,及川拓馬,佐々木慎,●,,
2026-03-04,順位戦,B級2組,○,谷川浩司,木村一基,●,,
2026-03-04,順位戦,B級2組,○,古賀悠聖,丸山忠久,●,,
2026-03-04,順位戦,B級2組,○,横山泰明,久保利明,●,,
2026-03-04,順位戦,B級2組,○,山崎隆之,北浜健介,●,,
2026-03-04,順位戦,B級2組,○,藤本渚,阿久津主税,●,,
2026-03-04,順位戦,B級2組,○,村山慈明,佐藤和俊,●,,
2026-03-04,王位戦,挑決リーグ,○,佐々木大地,菅井竜也,●,,
2026-03-04,王座戦,二次予選,●,杉本和陽,佐藤天彦,○,,
2026-03-04,王将戦,一次予選,○,森内俊之,上村亘,●,,
2026-03-04,王将戦,一次予選,○,伊藤真吾,高野智史,●,千日手,
2026-03-04,王将戦,一次予選,○,伊藤真吾,森内俊之,●,,
2026-03-04,王将戦,一次予選,○,井出隼平,富岡英作,●,,
2026-03-05,竜王戦,4組,●,佐藤紳哉,渡辺大夢,○,,
2026-03-05,竜王戦,6組,●,片山史龍,宮嶋健太,○,,
2026-03-05,順位戦,B級1組,●,澤田真吾,伊藤匠,○,,
2026-03-05,順位戦,B級1組,●,服部慎一郎,広瀬章人,○,,
2026-03-05,順位戦,B級1組,○,石井健太郎,高見泰地,●,,
2026-03-05,順位戦,B級1組,●,佐藤康光,斎藤慎太郎,○,,
2026-03-05,順位戦,B級1組,●,大橋貴洸,稲葉陽,○,,
2026-03-05,順位戦,B級1組,○,大石直嗣,青嶋未来,●,,
2026-03-05,叡王戦,準決勝,○,永瀬拓矢,藤井聡太,●,,
2026-03-05,棋王戦,予選,○,小倉久史,齊藤優希,●,,
2026-03-05,棋王戦,予選,○,中村亮介,島朗,●,,
2026-03-05,棋王戦,予選,●,金井恒太,小山直希,○,,
2026-03-05,棋王戦,予選,●,矢倉規広,炭崎俊毅,○,,
2026-03-05,棋王戦,予選,●,南芳一,長岡裕也,○,,
2026-03-05,棋王戦,予選,○,村田智弘,折田翔吾,●,,
2026-03-05,王将戦,一次予選,○,本田奎,梶浦宏孝,●,,
2026-03-05,王将戦,一次予選,○,星野良生,神谷広志,●,,
2026-03-05,王将戦,一次予選,●,瀬川晶司,谷合廣紀,○,,
2026-03-05,王将戦,一次予選,●,山本博志,高橋佑二郎,○,,
2026-03-05,王将戦,一次予選,○,谷合廣紀,高橋佑二郎,●,,
2026-03-06,竜王戦,6組,●,佐藤慎一,小山怜央,○,,
2026-03-06,竜王戦,6組,●,生垣寛人,徳田拳士,○,,
2026-03-08,新人戦,,○,上野裕寿,荒田敏史アマ,●,,
2026-03-08,王将戦,第5局,●,永瀬拓矢,藤井聡太,○,,
2026-03-09,王位戦,挑決リーグ,○,伊藤匠,佐々木勇気,●,,
2026-03-10,順位戦,C級2組,○,村中秀史,高橋道雄,●,,
2026-03-10,順位戦,C級2組,●,日浦市郎,真田圭一,○,,
2026-03-10,順位戦,C級2組,●,佐藤秀司,井出隼平,○,,
2026-03-10,順位戦,C級2組,○,八代弥,中村亮介,●,,
2026-03-10,順位戦,C級2組,○,阿部光瑠,窪田義行,●,千日手,
2026-03-10,順位戦,C級2組,○,田村康介,佐藤慎一,●,,
2026-03-10,順位戦,C級2組,○,千葉幸生,梶浦宏孝,●,,
2026-03-10,順位戦,C級2組,○,佐々木大地,長谷部浩平,●,,
2026-03-10,順位戦,C級2組,○,本田奎,瀬川晶司,●,,
2026-03-10,順位戦,C級2組,●,金井恒太,石田直裕,○,,
2026-03-10,順位戦,C級2組,●,藤森哲也,田中悠一,○,,
2026-03-10,順位戦,C級2組,○,山本博志,黒沢怜生,●,,
2026-03-10,順位戦,C級2組,●,吉池隆真,高野智史,○,,
2026-03-10,順位戦,C級2組,○,杉本和陽,小山怜央,●,千日手,
2026-03-10,順位戦,C級2組,○,上村亘,宮嶋健太,●,,
2026-03-10,順位戦,C級2組,○,高橋佑二郎,谷合廣紀,●,,
2026-03-10,順位戦,C級2組,●,獺ヶ口笑保人,小山直希,○,,
2026-03-10,順位戦,C級2組,○,遠山雄亮,星野良生,●,,
2026-03-10,順位戦,C級2組,●,伊藤真吾,齊藤優希,○,,
2026-03-10,順位戦,C級2組,●,北島忠雄,折田翔吾,○,,
2026-03-10,順位戦,C級2組,●,阪口悟,佐藤紳哉,○,,
2026-03-10,順位戦,C級2組,○,徳田拳士,西川和宏,●,,
2026-03-10,順位戦,C級2組,●,牧野光則,山川泰熙,○,,
2026-03-10,順位戦,C級2組,●,今泉健司,炭崎俊毅,○,,
2026-03-10,順位戦,C級2組,●,森本才跳,石川優太,○,,
2026-03-10,順位戦,C級2組,○,井田明宏,横山友紀,●,,
2026-03-10,順位戦,C級2組,●,森下卓,狩山幹生,○,,
2026-03-10,順位戦,C級2組,○,渡辺大夢,齊藤裕也,●,,
2026-03-10,王位戦,挑決リーグ,○,藤本渚,古賀悠聖,●,,
2026-03-10,王将戦,一次予選,●,岡部怜央,宮田敦史,○,,
2026-03-10,王将戦,一次予選,○,宮田敦史,藤井猛,●,,
2026-03-11,王座戦,二次予選,○,木村一基,渡辺和史,●,,
2026-03-11,王座戦,二次予選,○,西田拓也,行方尚史,●,,
2026-03-11,王座戦,二次予選,○,丸山忠久,郷田真隆,●,,
2026-03-11,棋聖戦,決勝トーナメント,○,羽生善治,阿久津主税,●,,
2026-03-11,王将戦,一次予選,●,先崎学,大平武洋,○,,
2026-03-11,王将戦,一次予選,○,戸辺誠,大平武洋,●,,
2026-03-12,竜王戦,1組 出決,●,稲葉陽,高見泰地,○,,
2026-03-12,竜王戦,2組,○,屋敷伸之,深浦康市,●,,
2026-03-12,竜王戦,2組,○,久保利明,都成竜馬,●,,
2026-03-12,叡王戦,挑決,●,永瀬拓矢,斎藤慎太郎,○,,
2026-03-12,王座戦,二次予選,●,佐藤康光,千田翔太,○,,
2026-03-12,棋王戦,予選,○,生垣寛人,藤原直哉,●,,
2026-03-12,王将戦,一次予選,●,豊川孝弘,西尾明,○,,
2026-03-12,王将戦,一次予選,●,三浦弘行,西尾明,○,,
2026-03-12,王将戦,一次予選,●,松尾歩,岡崎洋,○,,
2026-03-12,王将戦,一次予選,○,村田顕弘,安用寺孝功,●,,
2026-03-12,王将戦,一次予選,○,井上慶太,村田顕弘,●,,
2026-03-13,王座戦,二次予選,○,糸谷哲郎,服部慎一郎,●,,
2026-03-13,王座戦,二次予選,○,黒田尭之,藤本渚,●,,
2026-03-13,王将戦,一次予選,○,阿部光瑠,佐々木大地,●,,
2026-03-13,王将戦,一次予選,○,阿部光瑠,佐々木慎,●,,
2026-03-13,王将戦,一次予選,○,岩村凛太朗,松本佳介,●,,
2026-03-13,王将戦,一次予選,●,及川拓馬,岩村凛太朗,○,,
2026-03-13,王将戦,一次予選,●,平藤真吾,上野裕寿,○,,
2026-03-13,王将戦,一次予選,●,北浜健介,上野裕寿,○,,
2026-03-13,王将戦,一次予選,●,矢倉規広,高田明浩,○,,
2026-03-13,王将戦,一次予選,○,高田明浩,古賀悠聖,●,,
2026-03-15,棋王戦,第4局,●,増田康宏,藤井聡太,○,,
2025-05-04,NHK杯,本戦,●,岡部怜央,山崎隆之,○,,
2025-05-11,NHK杯,本戦,○,藤本渚,谷合廣紀,●,,
2025-05-18,NHK杯,本戦,●,広瀬章人,石川優太,○,,
2025-05-25,NHK杯,本戦,●,石井健太郎,服部慎一郎,○,,
2025-06-01,NHK杯,本戦,●,西山朋佳,村中秀史,○,,
2025-06-08,NHK杯,本戦,○,高田明浩,西尾明,●,,
2025-06-15,NHK杯,本戦,○,斎藤慎太郎,三浦弘行,●,,
2025-06-22,NHK杯,本戦,●,高見泰地,大石直嗣,○,,
2025-06-29,NHK杯,本戦,○,糸谷哲郎,宮嶋健太,●,,
2025-07-06,NHK杯,本戦,○,丸山忠久,上野裕寿,●,,
2025-07-13,NHK杯,本戦,○,折田翔吾,千田翔太,●,,
2025-07-20,NHK杯,本戦,●,佐藤紳哉,木村一基,○,,
2025-07-27,NHK杯,本戦,○,澤田真吾,久保利明,●,,
2025-08-03,NHK杯,本戦,○,佐々木大地,佐藤康光,●,,
2025-08-10,NHK杯,本戦,●,折田翔吾,豊島将之,○,,
2025-08-17,NHK杯,本戦,○,中村太地,丸山忠久,●,,
2025-08-24,NHK杯,本戦,○,佐々木勇気,大石直嗣,●,,
2025-08-31,NHK杯,本戦,○,大橋貴洸,近藤誠也,●,,
2025-09-07,NHK杯,本戦,○,藤本渚,村中秀史,●,,
2025-09-14,NHK杯,本戦,●,山崎隆之,糸谷哲郎,○,,
2025-09-21,NHK杯,本戦,●,吉池隆真,菅井竜也,○,,
2025-09-28,NHK杯,本戦,○,谷川浩司,服部慎一郎,●,,
2025-10-05,NHK杯,本戦,○,稲葉陽,木村一基,●,,
2025-10-12,NHK杯,本戦,○,増田康宏,勝又清和,●,,
2025-10-19,NHK杯,本戦,○,伊藤匠,高田明浩,●,千日手,
2025-10-26,NHK杯,本戦,●,羽生善治,藤井聡太,○,,
2025-11-02,NHK杯,本戦,●,佐藤天彦,斎藤慎太郎,○,,
2025-11-09,NHK杯,本戦,○,永瀬拓矢,澤田真吾,●,,
2025-11-16,NHK杯,本戦,●,郷田真隆,佐々木大地,○,,
2025-11-16,NHK杯,本戦,■,渡辺明,石川優太,□,,
2025-11-23,NHK杯,本戦,●,谷川浩司,増田康宏,○,,
2025-11-30,NHK杯,本戦,○,石川優太,稲葉陽,●,,
2025-12-07,NHK杯,本戦,●,永瀬拓矢,豊島将之,○,,
2025-12-14,NHK杯,本戦,○,中村太地,斎藤慎太郎,●,,
2025-12-21,NHK杯,本戦,○,藤井聡太,藤本渚,●,,
2026-01-04,NHK杯,本戦,○,伊藤匠,大橋貴洸,●,,
2026-01-11,NHK杯,本戦,○,糸谷哲郎,佐々木大地,●,,
2026-01-18,NHK杯,本戦,○,佐々木勇気,菅井竜也,●,,
2026-01-25,NHK杯,本戦,●,石川優太,藤井聡太,○,,
2026-02-01,NHK杯,本戦,○,豊島将之,伊藤匠,●,,
2026-02-08,NHK杯,本戦,○,糸谷哲郎,佐々木勇気,●,,
2026-02-15,NHK杯,本戦,●,中村太地,増田康宏,○,,
2026-02-22,NHK杯,本戦,○,藤井聡太,豊島将之,●,,
2026-03-01,NHK杯,本戦,○,増田康宏,糸谷哲郎,●,,
2026-03-08,NHK杯,本戦,●,増田康宏,藤井聡太,○,,
2025-04-03,銀河戦,G,○,杉本昌隆,佐々木大地,●,,2025-06-12
2025-04-03,銀河戦,G,○,佐々木慎,杉本昌隆,●,,2025-07-10
2025-04-23,銀河戦,E,●,鈴木大介,渡辺和史,○,,2025-07-03
2025-04-23,銀河戦,E,●,横山泰明,渡辺和史,○,,2025-07-31
2025-05-07,銀河戦,H,●,行方尚史,高崎一生,○,,2025-07-15
2025-05-07,銀河戦,H,○,高崎一生,高見泰地,●,,2025-08-12
2025-05-08,銀河戦,D,●,村山慈明,服部慎一郎,○,,2025-07-29
2025-05-08,銀河戦,D,○,三浦弘行,服部慎一郎,●,,2025-08-26
2025-05-09,銀河戦,F,●,古賀悠聖,郷田真隆,○,,2025-07-08
2025-05-09,銀河戦,F,●,郷田真隆,青嶋未来,○,,2025-08-05
2025-05-13,銀河戦,A,○,及川拓馬,深浦康市,●,,2025-07-17
2025-05-13,銀河戦,A,○,澤田真吾,及川拓馬,●,,2025-08-14
2025-05-14,銀河戦,C,●,阿久津主税,石井健太郎,○,,2025-07-24
2025-05-14,銀河戦,C,○,山崎隆之,石井健太郎,●,,2025-08-21
2025-05-15,銀河戦,B,●,木村一基,藤本渚,○,,2025-07-22
2025-05-15,銀河戦,B,○,羽生善治,藤本渚,●,,2025-08-19
2025-05-16,銀河戦,G,●,松尾歩,佐々木慎,○,,2025-08-07
2025-05-16,銀河戦,G,●,佐々木慎,糸谷哲郎,○,,2025-09-04
2025-06-04,銀河戦,H,○,佐藤康光,高崎一生,●,,2025-09-09
2025-06-04,銀河戦,H,●,佐藤康光,千田翔太,○,,2025-10-07
2025-06-24,銀河戦,E,●,大石直嗣,渡辺和史,○,,2025-08-28
2025-06-24,銀河戦,E,○,佐藤天彦,渡辺和史,●,,2025-09-25
2025-06-25,銀河戦,F,○,大橋貴洸,青嶋未来,●,,2025-09-02
2025-06-25,銀河戦,F,○,佐々木勇気,大橋貴洸,●,,2025-09-30
2025-07-18,銀河戦,B,●,近藤誠也,羽生善治,○,,2025-09-16
2025-07-18,銀河戦,B,○,羽生善治,稲葉陽,●,,2025-10-14
2025-07-19,銀河戦,A,○,増田康宏,澤田真吾,●,,2025-09-11
2025-07-19,銀河戦,A,●,伊藤匠,増田康宏,○,,2025-10-09
2025-07-22,銀河戦,G,○,糸谷哲郎,中村太地,●,,2025-10-02
2025-07-22,銀河戦,G,○,藤井聡太,糸谷哲郎,●,,2025-10-30
2025-07-23,銀河戦,C,○,山崎隆之,広瀬章人,●,,2025-09-18
2025-07-23,銀河戦,C,○,豊島将之,山崎隆之,●,,2025-10-16
2025-07-23,銀河戦,H,●,丸山忠久,千田翔太,○,,2025-11-04
2025-07-25,銀河戦,D,●,斎藤慎太郎,三浦弘行,○,,2025-09-23
2025-07-25,銀河戦,D,○,渡辺明,三浦弘行,●,,2025-10-21
2025-08-14,銀河戦,E,●,佐藤天彦,永瀬拓矢,○,,2025-10-23
2025-08-27,銀河戦,F,●,菅井竜也,佐々木勇気,○,,2025-10-28
2025-08-27,銀河戦,決勝トーナメント,○,増田康宏,高崎一生,●,,2025-11-06
2025-09-02,銀河戦,決勝トーナメント,●,冨田誠也,永瀬拓矢,○,,2025-11-11
2025-09-03,銀河戦,決勝トーナメント,○,服部慎一郎,羽生善治,●,,2025-11-13
2025-09-03,銀河戦,決勝トーナメント,●,佐々木大地,千田翔太,○,,2025-11-18
2025-09-11,銀河戦,決勝トーナメント,●,飯塚祐紀,渡辺明,○,,2025-11-20
2025-09-12,銀河戦,決勝トーナメント,○,豊島将之,渡辺和史,●,,2025-11-25
2025-09-12,銀河戦,決勝トーナメント,○,藤井聡太,岡部怜央,●,,2025-11-27
2025-09-16,銀河戦,決勝トーナメント,○,佐々木勇気,藤本渚,●,,2025-12-02
2025-09-16,銀河戦,決勝トーナメント,●,増田康宏,永瀬拓矢,○,,2025-12-04
2025-10-08,銀河戦,決勝トーナメント,○,佐々木勇気,千田翔太,●,,2025-12-09
2025-10-08,銀河戦,決勝トーナメント,□,豊島将之,渡辺明,■,,2025-12-16
2025-10-09,銀河戦,決勝トーナメント,○,藤井聡太,服部慎一郎,●,,2025-12-11
2025-10-08,銀河戦,決勝トーナメント,○,豊島将之,佐々木勇気,●,,2025-12-18
2025-10-09,銀河戦,決勝トーナメント,●,永瀬拓矢,藤井聡太,○,,2025-12-23
2025-10-24,銀河戦,決勝トーナメント,○,豊島将之,藤井聡太,●,,2025-12-30
2025-08-18,銀河戦,予選,○,高野秀行,島朗,●,,
2025-08-18,銀河戦,予選,○,森内俊之,高野秀行,●,,
2025-08-18,銀河戦,予選,●,神谷広志,泉正樹,○,,
2025-08-18,銀河戦,予選,●,泉正樹,千葉幸生,○,,
2025-08-20,銀河戦,予選,●,長岡裕也,柵木幹太,○,,
2025-08-20,銀河戦,予選,●,古森悠太,柵木幹太,○,,
2025-08-26,銀河戦,予選,○,深浦康市,八代弥,●,,
2025-08-26,銀河戦,予選,○,山本真也,藤原直哉,●,,
2025-08-26,銀河戦,予選,●,山本真也,村田顕弘,○,,
2025-08-27,銀河戦,予選,○,宮嶋健太,藤井猛,●,,
2025-08-27,銀河戦,予選,●,所司和晴,大平武洋,○,,
2025-08-27,銀河戦,予選,●,大平武洋,中村修,○,,
2025-08-27,銀河戦,予選,●,村田智弘,小林裕士,○,,
2025-08-27,銀河戦,予選,●,小林裕士,宮本広志,○,,
2025-08-27,銀河戦,予選,○,南芳一,久保利明,●,,
2025-08-28,銀河戦,予選,●,伊藤真吾,及川拓馬,○,,
2025-08-28,銀河戦,予選,●,村中秀史,木村一基,○,,
2025-08-28,銀河戦,予選,○,阿部光瑠,片上大輔,●,,
2025-08-29,銀河戦,予選,○,竹内雄悟,矢倉規広,●,,
2025-08-29,銀河戦,予選,●,竹内雄悟,高田明浩,○,,
2025-08-29,銀河戦,予選,○,出口若武,阿部隆,●,,
2025-08-29,銀河戦,予選,○,井田明宏,北浜健介,●,,
2025-09-01,銀河戦,予選,●,行方尚史,佐藤秀司,○,,
2025-09-01,銀河戦,予選,○,西川和宏,畠山成幸,●,,
2025-09-01,銀河戦,予選,○,牧野光則,横山友紀,●,,
2025-09-02,銀河戦,予選,○,三枚堂達也,石田直裕,●,,
2025-09-02,銀河戦,予選,○,佐藤慎一,窪田義行,●,,
2025-09-02,銀河戦,予選,○,飯島栄治,本田奎,●,,
2025-09-02,銀河戦,予選,●,杉本和陽,鈴木大介,○,,
2025-09-02,銀河戦,予選,●,松尾歩,谷合廣紀,○,,
2025-09-02,銀河戦,予選,○,吉池隆真,岡崎洋,●,,
2025-09-02,銀河戦,予選,○,吉池隆真,佐々木慎,●,,
2025-09-02,銀河戦,予選,○,古賀悠聖,今泉健司,●,,
2025-09-02,銀河戦,予選,●,森本才跳,上野裕寿,○,,
2025-09-03,銀河戦,予選,●,山川泰熙,佐藤和俊,○,,
2025-09-03,銀河戦,予選,○,田村康介,丸山忠久,●,,
2025-09-03,銀河戦,予選,○,渡辺大夢,屋敷伸之,●,,
2025-09-03,銀河戦,予選,○,山本博志,瀬川晶司,●,,
2025-09-03,銀河戦,予選,○,黒田尭之,石川優太,●,,
2025-09-03,銀河戦,予選,●,島本亮,神崎健二,○,,
2025-09-03,銀河戦,予選,●,神崎健二,都成竜馬,○,,
2025-09-04,銀河戦,予選,●,門倉啓太,上村亘,○,,
2025-09-04,銀河戦,予選,●,阿久津主税,中村亮介,○,,
2025-09-04,銀河戦,予選,●,浦野真彦,中田功,○,,
2025-09-04,銀河戦,予選,●,中田功,西田拓也,○,,
2025-09-04,銀河戦,予選,●,谷川浩司,炭崎俊毅,○,,
2025-09-05,銀河戦,予選,●,井出隼平,豊川孝弘,○,,
2025-09-05,銀河戦,予選,●,豊川孝弘,黒沢怜生,○,,
2025-09-05,銀河戦,予選,○,真田圭一,梶浦宏孝,●,,
2025-09-05,銀河戦,予選,●,松本佳介,渡辺正和,○,,
2025-09-05,銀河戦,予選,●,渡辺正和,横山泰明,○,,
2025-09-05,銀河戦,予選,○,阪口悟,船江恒平,●,,
2025-09-05,銀河戦,予選,○,池永天志,脇謙二,●,千日手,
2025-09-05,銀河戦,予選,●,杉本昌隆,徳田拳士,○,,
2025-09-05,銀河戦,予選,●,狩山幹生,畠山鎮,○,,
2025-09-08,銀河戦,予選,●,西尾明,長谷部浩平,○,,
2025-09-08,銀河戦,予選,●,星野良生,高野智史,○,,
2025-09-08,銀河戦,予選,○,高橋佑二郎,宮田敦史,●,,
2025-09-09,銀河戦,予選,●,小倉久史,小山怜央,○,,
2025-09-09,銀河戦,予選,○,小山怜央,斎藤明日斗,●,,
2025-09-09,銀河戦,予選,○,森下卓,中川大輔,●,,
2025-09-09,銀河戦,予選,○,井上慶太,折田翔吾,●,,
2025-09-09,銀河戦,予選,○,山崎隆之,齊藤裕也,●,,
2025-09-10,銀河戦,予選,○,平藤真吾,安用寺孝功,●,,
2025-09-10,銀河戦,予選,○,平藤真吾,村山慈明,●,,
2025-09-11,銀河戦,予選,○,塚田泰明,高橋道雄,●,,
2025-09-11,銀河戦,予選,○,戸辺誠,塚田泰明,●,,
2025-09-11,銀河戦,予選,○,三浦弘行,小山直希,●,,
2025-09-12,銀河戦,予選,●,勝又清和,遠山雄亮,○,,
2025-09-12,銀河戦,予選,●,野月浩貴,遠山雄亮,○,,
2025-09-12,銀河戦,予選,○,齊藤優希,日浦市郎,●,,
2025-09-12,銀河戦,予選,●,先崎学,齊藤優希,○,,
2025-09-17,銀河戦,予選,○,獺ヶ口笑保人,近藤正和,●,,
2025-09-17,銀河戦,予選,○,郷田真隆,獺ヶ口笑保人,●,,
2025-09-17,銀河戦,予選,○,田中悠一,金井恒太,●,,
2025-09-18,銀河戦,予選,○,藤森哲也,阿部健治郎,●,,
2025-09-18,銀河戦,予選,●,堀口一史座,富岡英作,○,,
2025-09-18,銀河戦,予選,●,富岡英作,北島忠雄,○,,
2025-10-30,銀河戦,A-1,●,渡辺大夢,炭崎俊毅,○,,
2025-11-05,銀河戦,B-1,○,吉池隆真,南芳一,●,,
2025-11-12,銀河戦,C-1,●,遠山雄亮,柵木幹太,○,,
2025-11-07,銀河戦,D-1,●,平藤真吾,藤森哲也,○,,
2025-11-06,銀河戦,E-1,●,福間香奈,齊藤優希,○,,
2025-10-30,銀河戦,F-1,○,相川浩司アマ,小山怜央,●,,
2025-11-30,銀河戦,G-1,○,田村康介,箭子涼太アマ,●,,
2025-11-27,銀河戦,H-1,○,牧野光則,西山朋佳,●,,
2025-11-26,銀河戦,A-2,○,中村亮介,炭崎俊毅,●,,
2025-11-05,銀河戦,B-2,●,西川和宏,吉池隆真,○,,
2025-11-12,銀河戦,C-2,●,上村亘,柵木幹太,○,,
2025-11-07,銀河戦,D-2,●,佐藤慎一,藤森哲也,○,,
2025-11-06,銀河戦,E-2,●,田中悠一,齊藤優希,○,,
2025-12-04,銀河戦,F-2,●,佐藤秀司,相川浩司アマ,○,,
2025-11-30,銀河戦,G-2,○,森下卓,田村康介,●,,
2025-11-27,銀河戦,H-2,○,高橋佑二郎,牧野光則,●,,
2025-11-26,銀河戦,A-3,○,佐藤紳哉,中村亮介,●,,
2025-12-03,銀河戦,B-3,●,長谷部浩平,吉池隆真,◯,,
2025-12-18,銀河戦,C-3,○,宮嶋健太,柵木幹太,●,,
2025-11-17,銀河戦,D-3,○,井田明宏,藤森哲也,●,,
2025-,銀河戦,E-3,,,,,,
2025-,銀河戦,F-3,,,,,,
2025-,銀河戦,G-3,,,,,,
2025-,銀河戦,H-3,,,,,,