対局日,棋戦,進行,先手の勝敗,先手,後手,後手の勝敗,千日手,放送日
2024-04-01,清麗戦,予選,●,加藤圭,山口恵梨子,○,,
2024-04-02,倉敷藤花戦,,○,本田小百合,宮宗紫野,●,,
2024-04-03,倉敷藤花戦,,●,小高佐季子,頼本奈菜,○,,
2024-04-03,倉敷藤花戦,,○,清水市代,貞升南,●,,
2024-04-03,倉敷藤花戦,,○,藤井奈々,今井絢,●,,
2024-04-04,清麗戦,予選,○,西山朋佳,加藤桃子,●,,
2024-04-04,清麗戦,予選,●,山口恵梨子,加藤結李愛,○,,
2024-04-04,清麗戦,予選,○,伊藤沙恵,野原未蘭,●,,
2024-04-04,清麗戦,予選,●,和田あき,山根ことみ,○,,
2024-04-04,清麗戦,予選,○,鈴木環那,大島綾華,●,,
2024-04-04,清麗戦,予選,●,石本さくら,磯谷祐維,○,,
2024-04-04,倉敷藤花戦,,○,中村桃子,田中沙紀,●,,
2024-04-04,倉敷藤花戦,,●,中倉宏美,井道千尋,○,,
2024-04-08,女流順位戦,A級,●,加藤圭,上田初美,○,,
2024-04-08,女流順位戦,A級,○,伊藤沙恵,塚田恵梨花,●,,
2024-04-08,女流順位戦,A級,○,加藤桃子,山根ことみ,●,,
2024-04-08,女流順位戦,A級,○,石本さくら,渡部愛,●,,
2024-04-08,女流順位戦,B級,○,伊奈川愛菓,中井広恵,●,,
2024-04-08,女流順位戦,B級,●,中村真梨花,香川愛生,○,,
2024-04-08,女流順位戦,B級,●,北村桂香,鈴木環那,○,,
2024-04-08,女流順位戦,B級,○,和田あき,室田伊緒,●,,
2024-04-08,女流順位戦,B級,○,野原未蘭,武富礼衣,●,,
2024-04-09,マイナビ,第1局,○,西山朋佳,大島綾華,●,,
2024-04-09,倉敷藤花戦,,●,木村朱里,山口仁子梨,○,,
2024-04-10,女流順位戦,C級,○,岩根忍,内山あや,●,,
2024-04-10,女流順位戦,C級,○,山田久美,小高佐季子,●,,
2024-04-10,女流順位戦,C級,○,渡辺弥生,室谷由紀,●,,
2024-04-10,女流順位戦,C級,●,礒谷真帆,頼本奈菜,○,,
2024-04-10,女流順位戦,C級,●,中澤沙耶,堀彩乃,○,,
2024-04-10,女流順位戦,C級,●,清水市代,山口恵梨子,○,,
2024-04-10,女流順位戦,C級,●,貞升南,本田小百合,○,,
2024-04-10,女流順位戦,C級,●,藤田綾,田中沙紀,○,,
2024-04-10,女流順位戦,C級,○,千葉涼子,藤井奈々,●,,
2024-04-11,女流名人戦,女流名人リーグ,○,今井絢,渡部愛,●,,
2024-04-11,倉敷藤花戦,,●,山根ことみ,野原未蘭,○,,
2024-04-11,倉敷藤花戦,,●,佐々木海法,矢内理絵子,○,,
2024-04-12,女流順位戦,D級,○,川又咲紀,井道千尋,●,,
2024-04-12,女流名人戦,女流名人リーグ,●,石本さくら,加藤桃子,○,,
2024-04-15,女流順位戦,D級,●,竹部さゆり,宮澤紗希,○,,
2024-04-15,女流順位戦,D級,○,船戸陽子,和田はな,●,,
2024-04-15,女流順位戦,D級,○,井道千尋,宮宗紫野,●,,
2024-04-15,女流順位戦,D級,●,矢内理絵子,佐々木海法,○,,
2024-04-15,女流順位戦,D級,●,島井咲緒里,中村桃子,○,,
2024-04-15,女流順位戦,D級,○,久保翔子,鎌田美礼,●,,
2024-04-15,女流順位戦,D級,●,脇田菜々子,森本理子,○,,
2024-04-15,女流順位戦,D級,●,飯野愛,中倉宏美,○,,
2024-04-15,女流順位戦,D級,●,上川香織,砂原奏,○,,
2024-04-15,女流順位戦,D級,○,今井絢,相川春香,●,,
2024-04-15,女流順位戦,D級,○,磯谷祐維,榊菜吟,●,,
2024-04-15,女流順位戦,D級,●,木村朱里,岩佐美帆子,○,,
2024-04-15,女流順位戦,D級,●,梅津美琴,川又咲紀,○,,
2024-04-15,女流順位戦,D級,●,村田智穂,松下舞琳,○,,
2024-04-15,女流順位戦,D級,○,高浜愛子,山口稀良莉,●,,
2024-04-15,女流順位戦,D級,●,斎田晴子,長谷川優貴,○,,
2024-04-15,女流順位戦,D級,□,長沢千和子,水町みゆ,■,,
2024-04-15,女流順位戦,D級,○,石高澄恵,山口仁子梨,●,,
2024-04-17,マイナビ,第2局,●,大島綾華,西山朋佳,○,,
2024-04-17,女流名人戦,女流名人リーグ,○,鈴木環那,山根ことみ,●,,
2024-04-17,倉敷藤花戦,,●,堀彩乃,中井広恵,○,,
2024-04-19,清麗戦,予選,○,加藤桃子,伊藤沙恵,●,,
2024-04-19,倉敷藤花戦,,●,藤田綾,和田あき,○,,
2024-04-19,倉敷藤花戦,,○,加藤結李愛,吉川惠アマ,●,,
2024-04-19,倉敷藤花戦,,●,北村桂香,石本さくら,○,,
2024-04-22,女流名人戦,女流名人リーグ,○,野原未蘭,大島綾華,●,,
2024-04-22,倉敷藤花戦,,●,岩佐美帆子,中澤沙耶,○,,
2024-04-23,倉敷藤花戦,,○,伊藤沙恵,斎田晴子,●,,
2024-04-23,倉敷藤花戦,,○,山口恵梨子,相川春香,●,,
2024-04-23,倉敷藤花戦,,○,上田初美,竹部さゆり,●,,
2024-04-23,倉敷藤花戦,,○,室谷由紀,中村真梨花,●,,
2024-04-24,女流順位戦,D級,○,鎌田美礼,川又咲紀,●,,
2024-04-24,倉敷藤花戦,,○,千葉涼子,塚田恵梨花,●,,
2024-04-24,倉敷藤花戦,,○,伊奈川愛菓,渡部愛,●,,
2024-04-24,倉敷藤花戦,,●,室田伊緒,山口仁子梨,○,,
2024-04-25,女流王位戦,第1局,○,福間香奈,加藤桃子,●,,
2024-04-25,倉敷藤花戦,,●,梅津美琴,岩根忍,○,,
2024-04-26,清麗戦,予選,○,鈴木環那,磯谷祐維,●,,
2024-04-26,清麗戦,予選,○,山根ことみ,加藤結李愛,●,,
2024-04-26,女流名人戦,女流名人リーグ,○,西山朋佳,内山あや,●,,
2024-04-30,倉敷藤花戦,,○,西山朋佳,鎌田美礼,●,,
2024-05-01,倉敷藤花戦,,●,砂原奏,礒谷真帆,○,,
2024-05-01,倉敷藤花戦,,○,内山あや,石高澄恵,●,,
2024-05-02,清麗戦,本戦,○,西山朋佳,鈴木環那,●,,
2024-05-02,清麗戦,本戦,●,山根ことみ,加藤桃子,○,,
2024-05-07,女流順位戦,A級,○,上田初美,渡部愛,●,,
2024-05-07,女流順位戦,A級,●,山根ことみ,伊藤沙恵,○,,
2024-05-07,女流順位戦,A級,●,加藤圭,福間香奈,○,,
2024-05-07,女流順位戦,A級,●,塚田恵梨花,加藤桃子,○,,
2024-05-07,女流順位戦,B級,○,香川愛生,中井広恵,●,,
2024-05-07,女流順位戦,B級,○,鈴木環那,武富礼衣,●,,
2024-05-07,女流順位戦,B級,●,中村真梨花,伊奈川愛菓,○,,
2024-05-07,女流順位戦,B級,○,和田あき,北村桂香,●,,
2024-05-07,女流順位戦,B級,○,室田伊緒,野原未蘭,●,,
2024-05-07,女流順位戦,C級,○,加藤結李愛,大島綾華,●,,
2024-05-08,女流順位戦,D級,○,川又咲紀,宮宗紫野,●,,
2024-05-09,女流王位戦,第2局,●,加藤桃子,福間香奈,○,,
2024-05-09,女流名人戦,女流名人リーグ,○,内山あや,石本さくら,●,,
2024-05-12,マイナビ,第3局,○,西山朋佳,大島綾華,●,,
2024-05-13,女流順位戦,D級,●,松下舞琳,竹部さゆり,○,,
2024-05-13,女流順位戦,D級,●,宮宗紫野,磯谷祐維,○,,
2024-05-13,女流順位戦,D級,○,砂原奏,木村朱里,●,,
2024-05-13,女流順位戦,D級,○,鎌田美礼,梅津美琴,●,,
2024-05-13,女流順位戦,D級,○,中村桃子,飯野愛,●,,
2024-05-13,女流順位戦,D級,○,和田はな,高浜愛子,●,,
2024-05-13,女流順位戦,D級,●,岩佐美帆子,脇田菜々子,○,,
2024-05-13,女流順位戦,D級,○,宮澤紗希,村田智穂,●,,
2024-05-13,女流順位戦,D級,●,中倉宏美,上川香織,○,,
2024-05-13,女流順位戦,D級,○,石高澄恵,相川春香,●,,
2024-05-13,女流順位戦,D級,○,船戸陽子,川又咲紀,●,,
2024-05-13,女流順位戦,D級,●,山口稀良莉,矢内理絵子,○,,
2024-05-13,女流順位戦,D級,○,佐々木海法,井道千尋,●,,
2024-05-13,女流順位戦,D級,●,長谷川優貴,長沢千和子,○,,
2024-05-13,女流順位戦,D級,○,榊菜吟,島井咲緒里,●,,
2024-05-13,女流順位戦,D級,●,山口仁子梨,今井絢,○,,
2024-05-13,女流順位戦,D級,□,久保翔子,森本理子,■,,
2024-05-13,女流順位戦,D級,□,斎田晴子,水町みゆ,■,,
2024-05-14,女流名人戦,女流名人リーグ,○,加藤桃子,野原未蘭,●,,
2024-05-15,女流順位戦,C級,●,小高佐季子,千葉涼子,○,,
2024-05-15,女流順位戦,C級,●,田中沙紀,岩根忍,○,,
2024-05-15,女流順位戦,C級,○,本田小百合,山田久美,●,,
2024-05-15,女流順位戦,C級,●,室谷由紀,加藤結李愛,○,,
2024-05-15,女流順位戦,C級,○,頼本奈菜,渡辺弥生,●,,
2024-05-15,女流順位戦,C級,○,山口恵梨子,藤田綾,●,,
2024-05-15,女流順位戦,C級,●,大島綾華,礒谷真帆,○,,
2024-05-15,女流順位戦,C級,●,堀彩乃,貞升南,○,,
2024-05-15,女流順位戦,C級,○,内山あや,清水市代,●,,
2024-05-15,女流順位戦,C級,○,藤井奈々,中澤沙耶,●,,
2024-05-15,女流名人戦,女流名人リーグ,○,渡部愛,鈴木環那,●,,
2024-05-18,女流王座戦,一次予選,●,千葉涼子,宮澤紗希,○,,
2024-05-18,女流王座戦,一次予選,○,室田伊緒,崎原知宙,●,,
2024-05-18,女流王座戦,一次予選,○,宮澤紗希,室田伊緒,●,,
2024-05-18,女流王座戦,一次予選,●,脇田菜々子,大城千花アマ,○,,
2024-05-18,女流王座戦,一次予選,○,岩根忍,礒谷真帆,●,,
2024-05-18,女流王座戦,一次予選,●,大城千花アマ,岩根忍,○,,
2024-05-18,女流王座戦,一次予選,○,村田智穂,武富礼衣,●,,
2024-05-18,女流王座戦,一次予選,●,竹部さゆり,山口仁子梨,○,,
2024-05-18,女流王座戦,一次予選,●,村田智穂,山口仁子梨,○,,
2024-05-18,女流王座戦,一次予選,○,大島綾華,清水市代,●,,
2024-05-18,女流王座戦,一次予選,●,油本綾花アマ,磯谷祐維,○,,
2024-05-18,女流王座戦,一次予選,○,磯谷祐維,大島綾華,●,,
2024-05-18,女流王座戦,一次予選,●,松下舞琳,和田あき,○,,
2024-05-18,女流王座戦,一次予選,●,和田はな,中澤沙耶,○,,
2024-05-18,女流王座戦,一次予選,○,和田あき,中澤沙耶,●,,
2024-05-18,女流王座戦,一次予選,●,榊菜吟,鎌田美礼,○,,
2024-05-18,女流王座戦,一次予選,○,佐々木海法,貞升南,●,,
2024-05-18,女流王座戦,一次予選,●,鎌田美礼,佐々木海法,○,,
2024-05-18,女流王座戦,一次予選,●,木村朱里,森本理子,○,,
2024-05-18,女流王座戦,一次予選,○,山田久美,高浜愛子,●,,
2024-05-18,女流王座戦,一次予選,●,森本理子,山田久美,○,,
2024-05-18,女流王座戦,一次予選,○,加藤結李愛,木村野乃花アマ,●,,
2024-05-18,女流王座戦,一次予選,●,山口恵梨子,宮宗紫野,○,,
2024-05-18,女流王座戦,一次予選,●,宮宗紫野,加藤結李愛,○,,
2024-05-18,女流王座戦,一次予選,●,長沢千和子,香川愛生,○,,
2024-05-18,女流王座戦,一次予選,○,田中沙紀,飯野愛,●,,
2024-05-18,女流王座戦,一次予選,●,田中沙紀,香川愛生,○,,
2024-05-18,女流王座戦,一次予選,○,石本さくら,山口稀良莉,●,,
2024-05-18,女流王座戦,一次予選,●,加藤寿美香アマ,岩佐美帆子,○,,
2024-05-18,女流王座戦,一次予選,●,石本さくら,岩佐美帆子,○,,
2024-05-18,女流王座戦,一次予選,●,小高佐季子,室谷由紀,○,,
2024-05-18,女流王座戦,一次予選,●,藤井奈々,竹内優月,○,,
2024-05-18,女流王座戦,一次予選,○,室谷由紀,竹内優月,●,,
2024-05-18,女流王座戦,一次予選,●,島井咲緒里,田中佳織アマ,○,,
2024-05-18,女流王座戦,一次予選,□,久保翔子,川又咲紀,■,,
2024-05-18,女流王座戦,一次予選,○,久保翔子,田中佳織アマ,●,,
2024-05-18,女流王座戦,一次予選,○,渡辺弥生,藤田綾,●,,
2024-05-18,女流王座戦,一次予選,●,加藤圭,頼本奈菜,○,,
2024-05-18,女流王座戦,一次予選,●,渡辺弥生,頼本奈菜,○,,
2024-05-18,女流王座戦,一次予選,●,伊奈川愛菓,内山あや,○,,
2024-05-18,女流王座戦,一次予選,○,相川春香,長谷川優貴,●,,
2024-05-18,女流王座戦,一次予選,●,相川春香,内山あや,○,,
2024-05-18,女流王座戦,一次予選,●,砂原奏,岩崎夏子,○,,
2024-05-18,女流王座戦,一次予選,○,山根ことみ,鈴木環那,●,,
2024-05-18,女流王座戦,一次予選,●,岩崎夏子,山根ことみ,○,,
2024-05-18,女流王座戦,一次予選,○,中井広恵,上川香織,●,,
2024-05-18,女流王座戦,一次予選,○,梅津美琴,森美怜アマ,●,,
2024-05-18,女流王座戦,一次予選,●,梅津美琴,中井広恵,○,,
2024-05-18,女流王座戦,一次予選,○,今井絢,Lujie Sunアマ,●,,
2024-05-18,女流王座戦,一次予選,●,本田小百合,中村真梨花,○,,
2024-05-18,女流王座戦,一次予選,●,今井絢,中村真梨花,○,,
2024-05-18,女流王座戦,一次予選,○,中倉宏美,石高澄恵,●,,
2024-05-18,女流王座戦,一次予選,○,北村桂香,斎田晴子,●,,
2024-05-18,女流王座戦,一次予選,○,北村桂香,中倉宏美,●,,
2024-05-22,女流名人戦,女流名人リーグ,●,大島綾華,西山朋佳,○,,
2024-05-22,倉敷藤花戦,,●,香川愛生,和田はな,○,,
2024-05-23,女流王位戦,第3局,○,福間香奈,加藤桃子,●,,
2024-05-23,女流名人戦,女流名人リーグ,○,山根ことみ,今井絢,●,,
2024-05-23,倉敷藤花戦,,●,中井広恵,上田初美,○,,
2024-05-23,倉敷藤花戦,,○,野原未蘭,本田小百合,●,,
2024-05-24,倉敷藤花戦,,○,室谷由紀,矢内理絵子,●,,
2024-05-24,倉敷藤花戦,,○,石本さくら,藤井奈々,●,,
2024-05-27,倉敷藤花戦,,○,渡辺弥生,岩根忍,●,,
2024-05-27,倉敷藤花戦,,□,内山あや,中村桃子,■,,
2024-05-28,女流順位戦,D級,●,川又咲紀,岩佐美帆子,○,,
2024-05-28,倉敷藤花戦,,●,伊奈川愛菓,井道千尋,○,,
2024-05-28,倉敷藤花戦,,○,鈴木環那,礒谷真帆,●,,
2024-05-29,倉敷藤花戦,,●,大島綾華,加藤結李愛,○,,
2024-05-31,清麗戦,挑決,○,加藤桃子,西山朋佳,●,,
2024-05-31,倉敷藤花戦,,○,山口恵梨子,清水市代,●,,
2024-05-31,倉敷藤花戦,,○,伊藤沙恵,和田あき,●,,
2024-06-03,女流順位戦,D級,●,竹部さゆり,岩佐美帆子,○,,
2024-06-03,女流順位戦,D級,○,梅津美琴,中倉宏美,●,,
2024-06-03,女流順位戦,D級,○,矢内理絵子,松下舞琳,●,,
2024-06-03,女流順位戦,D級,□,上川香織,中村桃子,■,,
2024-06-03,女流順位戦,D級,□,高浜愛子,水町みゆ,■,,
2024-06-03,女流順位戦,D級,○,森本理子,鎌田美礼,●,,
2024-06-03,女流順位戦,D級,●,脇田菜々子,斎田晴子,○,,
2024-06-03,女流順位戦,D級,□,山口仁子梨,飯野愛,■,,
2024-06-03,女流順位戦,D級,○,長沢千和子,島井咲緒里,●,,
2024-06-03,女流順位戦,D級,●,相川春香,井道千尋,○,,
2024-06-03,女流順位戦,D級,○,今井絢,宮澤紗希,●,,
2024-06-03,女流順位戦,D級,○,山口稀良莉,船戸陽子,●,,
2024-06-03,女流順位戦,D級,○,佐々木海法,宮宗紫野,●,,
2024-06-03,女流順位戦,D級,○,川又咲紀,木村朱里,●,,
2024-06-03,女流順位戦,D級,○,長谷川優貴,和田はな,●,,
2024-06-03,女流順位戦,D級,○,村田智穂,石高澄恵,●,,
2024-06-03,女流順位戦,D級,●,榊菜吟,砂原奏,○,,
2024-06-03,女流順位戦,D級,●,久保翔子,磯谷祐維,○,,
2024-06-03,倉敷藤花戦,,●,頼本奈菜,加藤桃子,○,,
2024-06-05,女流名人戦,女流名人リーグ,○,石本さくら,渡部愛,●,,
2024-06-06,女流順位戦,C級,○,千葉涼子,山口恵梨子,●,,
2024-06-06,女流順位戦,C級,●,山田久美,加藤結李愛,○,,
2024-06-06,女流順位戦,C級,●,小高佐季子,清水市代,○,,
2024-06-06,女流順位戦,C級,●,貞升南,室谷由紀,○,千日手,
2024-06-06,女流順位戦,C級,○,頼本奈菜,本田小百合,●,,
2024-06-06,女流順位戦,C級,○,中澤沙耶,渡辺弥生,●,,
2024-06-06,女流順位戦,C級,●,礒谷真帆,堀彩乃,○,,
2024-06-06,女流順位戦,C級,○,内山あや,田中沙紀,●,,
2024-06-06,女流順位戦,C級,●,藤田綾,大島綾華,○,,
2024-06-06,女流順位戦,C級,○,岩根忍,藤井奈々,●,,
2024-06-06,女流名人戦,女流名人リーグ,○,西山朋佳,山根ことみ,●,,
2024-06-10,女流王座戦,二次予選,○,中井広恵,岩佐美帆子,●,,
2024-06-11,女流名人戦,女流名人リーグ,○,野原未蘭,鈴木環那,●,,
2024-06-11,女流名人戦,女流名人リーグ,○,今井絢,加藤桃子,●,,
2024-06-12,女流王座戦,二次予選,○,室谷由紀,堀彩乃,●,,
2024-06-12,女流王座戦,二次予選,●,山田久美,磯谷祐維,○,,
2024-06-12,女流王座戦,二次予選,○,宮澤紗希,頼本奈菜,●,,
2024-06-13,女流王座戦,二次予選,●,加藤結李愛,岩根忍,○,,
2024-06-14,女流順位戦,A級,○,塚田恵梨花,加藤圭,●,,
2024-06-14,女流順位戦,A級,○,山根ことみ,上田初美,●,,
2024-06-14,女流順位戦,A級,●,加藤桃子,福間香奈,○,,
2024-06-14,女流順位戦,A級,○,伊藤沙恵,石本さくら,●,,
2024-06-14,女流順位戦,B級,○,中井広恵,野原未蘭,●,,
2024-06-14,女流順位戦,B級,○,伊奈川愛菓,鈴木環那,●,,
2024-06-14,女流順位戦,B級,○,武富礼衣,和田あき,●,,
2024-06-14,女流順位戦,B級,●,北村桂香,中村真梨花,○,,
2024-06-14,女流順位戦,B級,○,香川愛生,室田伊緒,●,,
2024-06-14,女流名人戦,女流名人リーグ,●,大島綾華,内山あや,○,,
2024-06-14,倉敷藤花戦,,●,千葉涼子,西山朋佳,○,,
2024-06-18,女流王座戦,二次予選,●,内山あや,香川愛生,○,,
2024-06-18,女流王座戦,二次予選,○,佐々木海法,野原未蘭,●,,
2024-06-18,女流王座戦,二次予選,○,中村真梨花,山口仁子梨,●,,
2024-06-19,女流王座戦,二次予選,○,山根ことみ,矢内理絵子,●,,
2024-06-20,女流王座戦,二次予選,○,伊藤沙恵,北村桂香,●,,
2024-06-21,倉敷藤花戦,,○,室谷由紀,加藤結李愛,●,,
2024-06-21,倉敷藤花戦,,●,加藤桃子,石本さくら,○,,
2024-06-22,マイナビ,予備予選,●,斎田晴子,中倉宏美,○,,
2024-06-22,マイナビ,予備予選,●,矢内理絵子,石高澄恵,○,,
2024-06-22,マイナビ,予備予選,○,塚田恵梨花,飯野愛,●,,
2024-06-22,マイナビ,予備予選,○,長沢千和子,山田久美,●,,
2024-06-22,マイナビ,予備予選,○,脇田菜々子,千葉涼子,●,,
2024-06-22,マイナビ,予備予選,●,貞升南,和田あき,○,,
2024-06-22,マイナビ,予備予選,○,高浜愛子,武富礼衣,●,,
2024-06-22,マイナビ,予備予選,●,伊藤真央,竹内優月,○,,
2024-06-22,マイナビ,予備予選,○,竹内優月,内山あや,●,,
2024-06-22,マイナビ,予備予選,○,宮澤紗希,岩崎夏子,●,,
2024-06-22,マイナビ,予備予選,●,中村真梨花,宮澤紗希,○,,
2024-06-22,マイナビ,予備予選,○,森本理子,砂原奏,●,,
2024-06-22,マイナビ,予備予選,●,渡部愛,森本理子,○,,
2024-06-22,マイナビ,予備予選,●,島井咲緒里,山口恵梨子,○,,
2024-06-22,マイナビ,予備予選,○,竹部さゆり,本田小百合,●,,
2024-06-22,マイナビ,予備予選,□,礒谷真帆,鎌田美礼,■,,
2024-06-22,マイナビ,予備予選,○,宮宗紫野,上川香織,●,,
2024-06-22,マイナビ,予備予選,●,藤田綾,小高佐季子,○,,
2024-06-22,マイナビ,予備予選,●,鈴木環那,中井広恵,○,,
2024-06-22,マイナビ,予備予選,○,今井絢,川又咲紀,●,,
2024-06-22,マイナビ,予備予選,○,木村朱里,中澤沙耶,●,,
2024-06-22,マイナビ,予備予選,●,岩佐美帆子,山口仁子梨,○,,
2024-06-22,マイナビ,予備予選,●,山口稀良莉,室田伊緒,○,,
2024-06-22,マイナビ,予備予選,○,久保翔子,崎原知宙,●,,
2024-06-22,マイナビ,予備予選,●,佐々木海法,久保翔子,○,,
2024-06-22,マイナビ,予備予選,●,榊菜吟,藤井奈々,○,,
2024-06-24,倉敷藤花戦,,●,野原未蘭,内山あや,○,,
2024-06-26,女流王座戦,二次予選,○,和田あき,久保翔子,●,,
2024-06-26,倉敷藤花戦,,○,中澤沙耶,渡辺弥生,●,,
2024-06-28,倉敷藤花戦,,○,西山朋佳,和田はな,●,,
2024-07-01,女流順位戦,A級,●,福間香奈,伊藤沙恵,○,,
2024-07-01,女流順位戦,A級,○,渡部愛,加藤桃子,●,,
2024-07-01,女流順位戦,A級,○,上田初美,塚田恵梨花,●,,
2024-07-01,女流順位戦,A級,●,石本さくら,山根ことみ,○,,
2024-07-01,女流順位戦,B級,●,中村真梨花,中井広恵,○,,
2024-07-01,女流順位戦,B級,○,鈴木環那,香川愛生,●,,
2024-07-01,女流順位戦,B級,○,和田あき,伊奈川愛菓,●,,
2024-07-01,女流順位戦,B級,●,室田伊緒,武富礼衣,○,,
2024-07-01,女流順位戦,B級,○,野原未蘭,北村桂香,●,,
2024-07-02,倉敷藤花戦,,○,山口仁子梨,山口恵梨子,●,,
2024-07-05,女流順位戦,C級,●,清水市代,藤田綾,○,,
2024-07-05,女流順位戦,C級,●,本田小百合,内山あや,○,,
2024-07-05,女流順位戦,C級,○,貞升南,礒谷真帆,●,,
2024-07-05,女流順位戦,C級,●,堀彩乃,室谷由紀,○,,
2024-07-05,女流順位戦,C級,●,山口恵梨子,中澤沙耶,○,,
2024-07-05,女流順位戦,C級,○,田中沙紀,山田久美,●,,
2024-07-05,女流順位戦,C級,○,大島綾華,小高佐季子,●,,
2024-07-05,女流順位戦,C級,○,加藤結李愛,千葉涼子,●,,
2024-07-05,女流順位戦,C級,●,渡辺弥生,岩根忍,○,,
2024-07-05,女流順位戦,C級,●,藤井奈々,頼本奈菜,○,,
2024-07-08,女流順位戦,D級,○,山口仁子梨,竹部さゆり,●,,
2024-07-08,女流順位戦,D級,○,船戸陽子,脇田菜々子,●,,
2024-07-08,女流順位戦,D級,○,宮宗紫野,森本理子,●,,
2024-07-08,女流順位戦,D級,○,松下舞琳,梅津美琴,●,,
2024-07-08,女流順位戦,D級,○,磯谷祐維,矢内理絵子,●,,
2024-07-08,女流順位戦,D級,○,中村桃子,相川春香,●,,
2024-07-08,女流順位戦,D級,○,高浜愛子,飯野愛,●,,
2024-07-08,女流順位戦,D級,●,鎌田美礼,山口稀良莉,○,,
2024-07-08,女流順位戦,D級,●,岩佐美帆子,上川香織,○,,
2024-07-08,女流順位戦,D級,○,宮澤紗希,長谷川優貴,●,,
2024-07-08,女流順位戦,D級,○,斎田晴子,長沢千和子,●,,
2024-07-08,女流順位戦,D級,○,木村朱里,今井絢,●,,
2024-07-08,女流順位戦,D級,●,中倉宏美,佐々木海法,○,,
2024-07-08,女流順位戦,D級,●,和田はな,川又咲紀,○,,
2024-07-08,女流順位戦,D級,○,島井咲緒里,村田智穂,●,,
2024-07-08,女流順位戦,D級,●,砂原奏,久保翔子,○,,
2024-07-08,女流順位戦,D級,□,石高澄恵,水町みゆ,■,,
2024-07-08,女流順位戦,D級,□,榊菜吟,井道千尋,■,,
2024-07-09,倉敷藤花戦,,●,鈴木環那,伊藤沙恵,○,,
2024-07-10,清麗戦,第1局,○,福間香奈,加藤桃子,●,,
2024-07-11,女流名人戦,女流名人リーグ,●,野原未蘭,渡部愛,○,,
2024-07-13,マイナビ,予選,○,和田あき,小林彩乃アマ,●,,
2024-07-13,マイナビ,予選,●,石高澄恵,加藤圭,○,,
2024-07-13,マイナビ,予選,●,和田あき,加藤圭,○,,
2024-07-13,マイナビ,予選,○,山根ことみ,山口仁子梨,●,,
2024-07-13,マイナビ,予選,●,山口恵梨子,梅津美琴,○,,
2024-07-13,マイナビ,予選,○,梅津美琴,山根ことみ,●,,
2024-07-13,マイナビ,予選,○,室田伊緒,頼本奈菜,●,,
2024-07-13,マイナビ,予選,○,野原未蘭,小野ゆかりアマ,●,,
2024-07-13,マイナビ,予選,●,野原未蘭,室田伊緒,○,,
2024-07-13,マイナビ,予選,●,和田はな,中井広恵,○,,
2024-07-13,マイナビ,予選,●,中倉宏美,清水市代,○,,
2024-07-13,マイナビ,予選,●,清水市代,中井広恵,○,,
2024-07-13,マイナビ,予選,○,松下舞琳,塚田恵梨花,●,,
2024-07-13,マイナビ,予選,□,高浜愛子,渡辺弥生,■,,
2024-07-13,マイナビ,予選,○,松下舞琳,高浜愛子,●,,
2024-07-13,マイナビ,予選,●,久保翔子,堀彩乃,○,,
2024-07-13,マイナビ,予選,○,伊奈川愛菓,竹内優月,●,千日手,
2024-07-13,マイナビ,予選,○,堀彩乃,伊奈川愛菓,●,,
2024-07-13,マイナビ,予選,●,磯谷祐維,今井絢,○,,
2024-07-13,マイナビ,予選,○,加藤結李愛,木村朱里,●,,
2024-07-13,マイナビ,予選,●,今井絢,加藤結李愛,○,,
2024-07-13,マイナビ,予選,●,脇田菜々子,福間香奈,○,,
2024-07-13,マイナビ,予選,○,田中沙紀,藤井奈々,●,,
2024-07-13,マイナビ,予選,●,田中沙紀,福間香奈,○,,
2024-07-13,マイナビ,予選,●,泉山神楽アマ,香川愛生,○,,
2024-07-13,マイナビ,予選,○,相川春香,宮宗紫野,●,,
2024-07-13,マイナビ,予選,●,相川春香,香川愛生,○,,
2024-07-13,マイナビ,予選,●,礒谷真帆,長谷川優貴,○,,
2024-07-13,マイナビ,予選,○,石本さくら,小高佐季子,●,,
2024-07-13,マイナビ,予選,●,長谷川優貴,石本さくら,○,,
2024-07-13,マイナビ,予選,○,竹部さゆり,岩根忍,●,,
2024-07-13,マイナビ,予選,●,村田智穂,宮澤紗希,○,,
2024-07-13,マイナビ,予選,●,竹部さゆり,宮澤紗希,○,,
2024-07-13,マイナビ,予選,○,上田初美,長沢千和子,●,,
2024-07-13,マイナビ,予選,○,森本理子,室谷由紀,●,,
2024-07-13,マイナビ,予選,●,森本理子,上田初美,○,,
2024-07-16,女流王座戦,本戦,●,渡部愛,室谷由紀,○,,
2024-07-16,女流王座戦,本戦,○,加藤桃子,佐々木海法,●,,
2024-07-17,女流順位戦,A級プレーオフ,○,福間香奈,伊藤沙恵,●,,
2024-07-17,女流王座戦,本戦,○,香川愛生,上田初美,●,,
2024-07-18,女流王座戦,本戦,○,山根ことみ,塚田恵梨花,●,,
2024-07-18,女流名人戦,女流名人リーグ,●,加藤桃子,内山あや,○,,
2024-07-19,女流王座戦,本戦,○,西山朋佳,宮澤紗希,●,,
2024-07-23,女流名人戦,女流名人リーグ,○,石本さくら,今井絢,●,,
2024-07-24,清麗戦,第2局,○,加藤桃子,福間香奈,●,,
2024-07-24,女流王座戦,本戦,○,和田あき,中村真梨花,●,,
2024-07-24,女流王座戦,本戦,○,中井広恵,岩根忍,●,,
2024-07-24,倉敷藤花戦,,○,室谷由紀,内山あや,●,,
2024-07-25,女流王座戦,本戦,●,伊藤沙恵,磯谷祐維,○,,
2024-07-25,女流名人戦,女流名人リーグ,●,山根ことみ,大島綾華,○,,
2024-07-26,女流名人戦,女流名人リーグ,●,鈴木環那,西山朋佳,○,,
2024-07-28,倉敷藤花戦,,□,上田初美,井道千尋,■,,
2024-07-29,倉敷藤花戦,,○,上田初美,中澤沙耶,●,,
2024-08-01,女流名人戦,女流名人リーグ,●,鈴木環那,石本さくら,○,,
2024-08-02,女流王座戦,本戦,○,加藤桃子,山根ことみ,●,,
2024-08-02,女流名人戦,女流名人リーグ,○,西山朋佳,野原未蘭,●,,
2024-08-05,女流王座戦,本戦,●,磯谷祐維,室谷由紀,○,,
2024-08-06,清麗戦,第3局,○,福間香奈,加藤桃子,●,,
2024-08-06,マイナビ,本戦,●,加藤圭,加藤結李愛,○,,
2024-08-07,女流名人戦,女流名人リーグ,○,渡部愛,山根ことみ,●,,
2024-08-08,女流王座戦,本戦,●,中井広恵,西山朋佳,○,,
2024-08-09,女流王座戦,本戦,○,香川愛生,和田あき,●,,
2024-08-14,倉敷藤花戦,,●,上田初美,室谷由紀,○,,
2024-08-16,マイナビ,本戦,●,堀彩乃,室田伊緒,○,,
2024-08-16,女流名人戦,女流名人リーグ,○,大島綾華,加藤桃子,●,,
2024-08-19,女流王座戦,本戦,□,西山朋佳,室谷由紀,■,,
2024-08-19,女流王位戦,予選,●,榊菜吟,村田智穂,○,,
2024-08-19,女流王位戦,予選,○,山口稀良莉,佐々木海法,●,,
2024-08-20,清麗戦,第4局,●,加藤桃子,福間香奈,○,,
2024-08-20,マイナビ,本戦,○,上田初美,北村桂香,●,,
2024-08-20,女流王位戦,予選,○,鎌田美礼,竹内優月,●,,
2024-08-20,女流王位戦,予選,●,頼本奈菜,宮澤紗希,○,,
2024-08-21,女流名人戦,女流名人リーグ,●,内山あや,今井絢,○,,
2024-08-21,女流王位戦,予選,●,石高澄恵,中倉宏美,○,,
2024-08-21,女流王位戦,予選,○,梅津美琴,堀彩乃,●,,
2024-08-21,女流王位戦,予選,○,久保翔子,川又咲紀,●,,
2024-08-21,女流王位戦,予選,○,藤井奈々,長谷川優貴,●,,
2024-08-22,女流王位戦,予選,●,山田久美,山口恵梨子,○,,
2024-08-22,女流王位戦,予選,○,和田はな,相川春香,●,,
2024-08-22,女流王位戦,予選,○,脇田菜々子,島井咲緒里,●,,
2024-08-22,女流王位戦,予選,○,田中沙紀,砂原奏,●,,
2024-08-22,女流王位戦,予選,●,森本理子,崎原知宙,○,,
2024-08-22,倉敷藤花戦,,○,伊藤沙恵,石本さくら,●,,
2024-08-23,女流王位戦,予選,○,加藤結李愛,宮宗紫野,●,,
2024-08-23,女流王位戦,予選,●,伊藤真央,磯谷祐維,○,,
2024-08-23,女流王位戦,予選,○,山口仁子梨,岩佐美帆子,●,,
2024-08-25,倉敷藤花戦,,○,西山朋佳,山口仁子梨,●,,
2024-08-26,マイナビ,本戦,○,松下舞琳,梅津美琴,●,,
2024-08-27,女流名人戦,女流名人リーグ,●,渡部愛,西山朋佳,○,,
2024-08-27,女流王位戦,予選,○,藤田綾,中村真梨花,●,,
2024-08-28,女流王位戦,予選,●,貞升南,今井絢,○,,
2024-08-28,女流王位戦,予選,○,加藤圭,高浜愛子,●,,
2024-08-28,女流王位戦,予選,○,中倉宏美,長沢千和子,●,,
2024-08-28,女流王位戦,予選,○,中澤沙耶,久保翔子,●,,
2024-08-29,女流王座戦,本戦,○,香川愛生,加藤桃子,●,,
2024-08-29,女流王位戦,予選,●,伊奈川愛菓,本田小百合,○,,
2024-08-29,女流王位戦,予選,○,岩崎夏子,礒谷真帆,●,,
2024-08-29,女流王位戦,予選,●,山口仁子梨,室田伊緒,○,,
2024-08-30,女流王位戦,予選,○,和田あき,岩根忍,●,,
2024-08-30,女流王位戦,予選,●,斎田晴子,田中沙紀,○,,
2024-08-30,女流王位戦,予選,○,中井広恵,宮澤紗希,●,,
2024-08-31,白玲戦,第1局,●,福間香奈,西山朋佳,○,,
2024-09-02,女流王位戦,予選,○,渡辺弥生,磯谷祐維,●,,
2024-09-03,女流王位戦,予選,●,矢内理絵子,上田初美,○,,
2024-09-03,女流王位戦,予選,●,加藤結李愛,鈴木環那,○,,
2024-09-03,女流王位戦,予選,○,野原未蘭,崎原知宙,●,,
2024-09-03,女流王位戦,予選,●,塚田恵梨花,梅津美琴,○,,
2024-09-04,マイナビ,本戦,●,中井広恵,福間香奈,○,,
2024-09-04,女流王位戦,予選,●,岩崎夏子,清水市代,○,,
2024-09-04,女流王位戦,予選,○,上川香織,竹部さゆり,●,,
2024-09-04,女流王位戦,予選,●,武富礼衣,和田はな,○,,
2024-09-04,倉敷藤花戦,,○,伊藤沙恵,西山朋佳,●,,
2024-09-05,マイナビ,本戦,○,大島綾華,宮澤紗希,●,,
2024-09-05,女流王位戦,予選,●,脇田菜々子,内山あや,○,,
2024-09-05,女流王位戦,予選,●,和田あき,山根ことみ,○,,
2024-09-05,女流王位戦,予選,●,木村朱里,今井絢,○,,
2024-09-05,女流王位戦,予選,○,藤井奈々,松下舞琳,●,,
2024-09-05,女流王位戦,予選,●,北村桂香,山口稀良莉,○,,
2024-09-06,女流王座戦,挑決,●,香川愛生,西山朋佳,○,,
2024-09-06,女流王位戦,予選,●,鎌田美礼,千葉涼子,○,,
2024-09-06,女流王位戦,予選,●,石本さくら,村田智穂,○,,
2024-09-09,女流名人戦,女流名人リーグ,○,今井絢,野原未蘭,●,,
2024-09-11,女流王位戦,予選,●,香川愛生,加藤圭,○,,
2024-09-11,女流王位戦,予選,○,山根ことみ,藤田綾,●,,
2024-09-13,女流王位戦,予選,○,村田智穂,室田伊緒,●,,
2024-09-14,白玲戦,第2局,●,西山朋佳,福間香奈,○,,
2024-09-18,女流王位戦,予選,●,渡辺弥生,和田はな,○,,
2024-09-19,マイナビ,本戦,●,香川愛生,加藤桃子,○,,
2024-09-19,女流名人戦,女流名人リーグ,●,山根ことみ,内山あや,○,,
2024-09-19,女流王位戦,予選,○,中倉宏美,鈴木環那,●,,
2024-09-19,女流王位戦,予選,○,野原未蘭,山口恵梨子,●,,
2024-09-19,女流王位戦,予選,○,山口稀良莉,藤井奈々,●,,
2024-09-20,女流名人戦,女流名人リーグ,○,石本さくら,大島綾華,●,千日手,
2024-09-20,女流王位戦,予選,●,梅津美琴,今井絢,○,,
2024-09-21,白玲戦,第3局,○,福間香奈,西山朋佳,●,,
2024-09-25,女流王位戦,予選,○,加藤圭,上川香織,●,,
2024-09-25,女流王位戦,予選,●,中澤沙耶,内山あや,○,,
2024-09-25,倉敷藤花戦,挑戦者決定戦,□,伊藤沙恵,室谷由紀,■,,
2024-09-26,女流名人戦,女流名人リーグ,●,野原未蘭,山根ことみ,○,,
2024-09-26,女流王位戦,予選,●,田中沙紀,清水市代,○,,
2024-09-27,女流名人戦,女流名人リーグ,●,加藤桃子,鈴木環那,○,,
2024-09-27,女流王位戦,予選,○,中井広恵,本田小百合,●,,
2024-09-27,女流王位戦,予選,○,千葉涼子,上田初美,●,,
2024-09-28,白玲戦,第4局,,西山朋佳,福間香奈,,延期,
2024-10-02,清麗戦,予選,○,竹部さゆり,山口仁子梨,●,,
2024-10-02,清麗戦,予選,○,岩崎夏子,田中沙紀,●,,
2024-10-02,清麗戦,予選,○,崎原知宙,宮宗紫野,●,,
2024-10-02,女流王位戦,予選,○,千葉涼子,村田智穂,●,,
2024-10-02,女流王位戦,予選,●,野原未蘭,内山あや,○,,
2024-10-03,マイナビ,本戦,●,石本さくら,伊藤沙恵,○,,
2024-10-03,女流名人戦,女流名人リーグ,○,加藤桃子,渡部愛,●,,
2024-10-03,女流王位戦,予選,○,今井絢,山口稀良莉,●,,
2024-10-04,清麗戦,予選,●,渡辺弥生,佐々木海法,○,,
2024-10-04,清麗戦,予選,○,藤井奈々,伊奈川愛菓,●,,
2024-10-04,清麗戦,予選,●,久保翔子,長谷川優貴,○,,
2024-10-07,清麗戦,予選,●,榊菜吟,岩根忍,○,,
2024-10-07,清麗戦,予選,○,石高澄恵,高浜愛子,●,,
2024-10-07,女流王位戦,予選,●,清水市代,加藤圭,○,,
2024-10-08,清麗戦,予選,○,竹内優月,礒谷真帆,●,,
2024-10-08,清麗戦,予選,○,松下舞琳,頼本奈菜,●,,
2024-10-08,清麗戦,予選,○,木村朱里,長沢千和子,●,,
2024-10-09,マイナビ,本戦,●,伊藤沙恵,福間香奈,○,,
2024-10-09,女流名人戦,女流名人リーグ,●,石本さくら,西山朋佳,○,,
2024-10-09,女流王位戦,予選,○,和田はな,中井広恵,●,,
2024-10-10,清麗戦,予選,○,山口稀良莉,森本理子,●,,
2024-10-10,女流名人戦,女流名人リーグ,○,内山あや,鈴木環那,●,,
2024-10-10,女流名人戦,女流名人リーグ,●,今井絢,大島綾華,○,,
2024-10-10,女流王位戦,予選,○,山根ことみ,中倉宏美,●,,
2024-10-11,清麗戦,予選,●,島井咲緒里,砂原奏,○,,
2024-10-11,清麗戦,予選,○,堀彩乃,斎田晴子,●,,
2024-10-11,清麗戦,予選,●,伊藤真央,村田智穂,○,,
2024-10-11,清麗戦,予選,●,川又咲紀,脇田菜々子,○,,
2024-10-12,白玲戦,第4局,○,西山朋佳,福間香奈,●,,
2024-10-15,清麗戦,予選,●,岩佐美帆子,加藤圭,○,,
2024-10-16,女流順位戦,C級,●,長沢千和子,中村真梨花,○,,
2024-10-16,女流順位戦,C級,○,本田小百合,山口恵梨子,●,,
2024-10-16,女流順位戦,C級,●,中澤沙耶,小高佐季子,○,,
2024-10-16,女流順位戦,C級,●,田中沙紀,大島綾華,○,,
2024-10-16,女流順位戦,C級,●,貞升南,藤田綾,○,,
2024-10-16,女流順位戦,C級,●,佐々木海法,室田伊緒,○,,
2024-10-16,女流順位戦,C級,○,長谷川優貴,高浜愛子,●,,
2024-10-16,女流順位戦,C級,○,北村桂香,内山あや,●,,
2024-10-16,女流順位戦,C級,○,堀彩乃,久保翔子,●,,
2024-10-16,清麗戦,予選,○,宮澤紗希,鎌田美礼,●,,
2024-10-16,清麗戦,予選,●,和田はな,矢内理絵子,○,,
2024-10-18,清麗戦,予選,●,竹部さゆり,磯谷祐維,○,,
2024-10-18,清麗戦,予選,○,加藤結李愛,崎原知宙,●,,
2024-10-18,女流名人戦,女流名人リーグ,●,鈴木環那,今井絢,○,,
2024-10-19,白玲戦,第5局,□,西山朋佳,福間香奈,■,,
2024-10-21,女流順位戦,D級,●,岩崎夏子,礒谷真帆,○,,
2024-10-21,女流順位戦,D級,○,松下舞琳,斎田晴子,●,,
2024-10-21,女流順位戦,D級,○,藤井奈々,島井咲緒里,●,,
2024-10-21,女流順位戦,D級,○,石高澄恵,中倉宏美,●,,
2024-10-21,女流順位戦,D級,○,宮宗紫野,山田久美,●,,
2024-10-21,女流順位戦,D級,●,竹部さゆり,今井絢,○,,
2024-10-21,女流順位戦,D級,●,相川春香,脇田菜々子,○,,
2024-10-21,女流順位戦,D級,●,伊藤真央,砂原奏,○,,
2024-10-21,女流順位戦,D級,○,森本理子,竹内優月,●,,
2024-10-21,女流順位戦,D級,○,磯谷祐維,宮澤紗希,●,,
2024-10-21,女流順位戦,D級,○,矢内理絵子,和田はな,●,,
2024-10-21,女流順位戦,D級,○,崎原知宙,渡辺弥生,●,,
2024-10-21,女流順位戦,D級,●,榊菜吟,川又咲紀,○,,
2024-10-21,女流順位戦,D級,●,鎌田美礼,木村朱里,○,,
2024-10-21,女流順位戦,D級,●,村田智穂,山口稀良莉,○,,
2024-10-21,女流順位戦,D級,●,山口仁子梨,岩佐美帆子,○,,
2024-10-22,清麗戦,予選,●,香川愛生,内山あや,○,,
2024-10-22,清麗戦,予選,○,上田初美,塚田恵梨花,●,,
2024-10-22,女流名人戦,女流名人リーグ,○,渡部愛,大島綾華,●,,
2024-10-23,女流王座戦,第1局,○,福間香奈,西山朋佳,●,,
2024-10-23,清麗戦,予選,●,武富礼衣,藤田綾,○,,
2024-10-23,清麗戦,予選,○,貞升南,野原未蘭,●,,
2024-10-24,女流順位戦,D級,●,上川香織,梅津美琴,○,,
2024-10-24,清麗戦,予選,●,北村桂香,室田伊緒,○,,
2024-10-25,清麗戦,予選,●,山口仁子梨,伊奈川愛菓,○,,
2024-10-25,清麗戦,予選,●,本田小百合,渡部愛,○,,
2024-10-25,清麗戦,予選,○,和田あき,千葉涼子,●,,
2024-10-25,清麗戦,予選,○,石本さくら,山口稀良莉,●,,
2024-10-26,白玲戦,第6局,□,西山朋佳,福間香奈,■,,
2024-10-28,清麗戦,予選,●,上川香織,相川春香,○,,
2024-10-28,清麗戦,予選,○,加藤桃子,石高澄恵,●,,
2024-10-28,女流名人戦,女流名人リーグ,●,山根ことみ,石本さくら,○,,
2024-10-29,清麗戦,予選,○,脇田菜々子,伊藤沙恵,●,,
2024-10-29,清麗戦,予選,○,梅津美琴,清水市代,●,,
2024-10-29,清麗戦,予選,○,大島綾華,中村真梨花,●,,
2024-10-29,清麗戦,予選,●,中井広恵,山田久美,○,,
2024-10-30,清麗戦,予選,○,今井絢,小高佐季子,●,,
2024-10-30,清麗戦,予選,●,中澤沙耶,中倉宏美,○,,
2024-10-30,清麗戦,予選,○,鈴木環那,竹内優月,●,,
2024-10-31,清麗戦,予選,●,内山あや,砂原奏,○,,
2024-11-01,女流順位戦,A級,●,香川愛生,伊藤沙恵,○,,
2024-11-01,女流順位戦,A級,○,山根ことみ,加藤圭,●,,
2024-11-01,女流順位戦,A級,●,和田あき,上田初美,○,,
2024-11-01,女流順位戦,A級,○,福間香奈,石本さくら,●,,
2024-11-01,女流順位戦,A級,○,加藤桃子,鈴木環那,●,,
2024-11-01,女流順位戦,B級,○,渡部愛,頼本奈菜,●,,
2024-11-01,女流順位戦,B級,○,塚田恵梨花,加藤結李愛,●,,
2024-11-01,女流順位戦,B級,●,岩根忍,伊奈川愛菓,○,,
2024-11-01,女流順位戦,B級,●,中井広恵,千葉涼子,○,,
2024-11-01,女流順位戦,B級,○,野原未蘭,武富礼衣,●,,
2024-11-05,清麗戦,予選,○,田中沙紀,渡辺弥生,●,,
2024-11-05,女流名人戦,女流名人リーグ,○,西山朋佳,加藤桃子,●,,
2024-11-06,清麗戦,予選,●,斎田晴子,川又咲紀,○,,
2024-11-06,清麗戦,予選,●,高浜愛子,鎌田美礼,○,,
2024-11-07,清麗戦,予選,●,山口恵梨子,岩崎夏子,○,,
2024-11-07,清麗戦,予選,●,長谷川優貴,石本さくら,○,,
2024-11-07,清麗戦,予選,○,山根ことみ,村田智穂,●,,
2024-11-08,女流順位戦,C級,●,室谷由紀,清水市代,○,,
2024-11-08,清麗戦,予選,●,島井咲緒里,香川愛生,○,,
2024-11-08,清麗戦,予選,○,森本理子,小高佐季子,●,,
2024-11-08,清麗戦,予選,●,佐々木海法,磯谷祐維,○,,
2024-11-08,清麗戦,予選,○,山口稀良莉,久保翔子,●,,
2024-11-08,清麗戦,予選,●,松下舞琳,今井絢,○,,
2024-11-08,マイナビ,本戦,○,加藤結李愛,大島綾華,●,,
2024-11-08,女流名人戦,女流名人リーグ,●,野原未蘭,内山あや,○,,
2024-11-11,女流順位戦,C級,○,中村真梨花,本田小百合,●,,
2024-11-11,女流順位戦,C級,○,藤田綾,中澤沙耶,●,,
2024-11-11,女流順位戦,C級,○,内山あや,長谷川優貴,●,,
2024-11-11,女流順位戦,C級,○,山口恵梨子,田中沙紀,●,,
2024-11-11,女流順位戦,C級,○,清水市代,貞升南,●,,
2024-11-11,女流順位戦,C級,○,大島綾華,堀彩乃,●,,
2024-11-11,女流順位戦,C級,○,小高佐季子,室谷由紀,●,,
2024-11-11,女流順位戦,C級,●,高浜愛子,佐々木海法,○,,
2024-11-11,女流順位戦,C級,●,室田伊緒,長沢千和子,○,,
2024-11-11,女流順位戦,C級,○,久保翔子,北村桂香,●,,
2024-11-12,清麗戦,予選,○,和田あき,木村朱里,●,,
2024-11-13,清麗戦,予選,○,加藤桃子,相川春香,●,,
2024-11-13,清麗戦,予選,○,上川香織,伊藤真央,●,,
2024-11-14,清麗戦,予選,○,礒谷真帆,中井広恵,●,,
2024-11-15,女流名人戦,女流名人リーグ,●,今井絢,西山朋佳,○,,
2024-11-15,女流名人戦,女流名人リーグ,●,内山あや,渡部愛,○,,
2024-11-15,女流名人戦,女流名人リーグ,●,加藤桃子,山根ことみ,○,,
2024-11-15,女流名人戦,女流名人リーグ,●,石本さくら,野原未蘭,○,,
2024-11-15,女流名人戦,女流名人リーグ,○,大島綾華,鈴木環那,●,,
2024-11-18,女流王位戦,挑決リーグ,○,伊藤沙恵,和田はな,●,,
2024-11-19,清麗戦,予選,●,貞升南,上田初美,○,,
2024-11-19,清麗戦,予選,○,千葉涼子,長沢千和子,●,,
2024-11-19,女流王位戦,挑決リーグ,○,加藤圭,渡部愛,●,,
2024-11-20,清麗戦,予選,○,加藤結李愛,堀彩乃,●,,
2024-11-21,女流順位戦,D級,●,脇田菜々子,上川香織,○,,
2024-11-21,女流順位戦,D級,●,斎田晴子,山口仁子梨,○,,
2024-11-21,女流順位戦,D級,●,竹内優月,磯谷祐維,○,,
2024-11-21,女流順位戦,D級,○,中倉宏美,宮宗紫野,●,,
2024-11-21,女流順位戦,D級,●,宮澤紗希,岩崎夏子,○,,
2024-11-21,女流順位戦,D級,○,島井咲緒里,矢内理絵子,●,,
2024-11-21,女流順位戦,D級,●,岩佐美帆子,鎌田美礼,○,,
2024-11-21,女流順位戦,D級,●,和田はな,相川春香,○,,
2024-11-21,女流順位戦,D級,●,礒谷真帆,竹部さゆり,○,,
2024-11-21,女流順位戦,D級,○,渡辺弥生,伊藤真央,●,,
2024-11-21,女流順位戦,D級,●,砂原奏,森本理子,○,,
2024-11-21,女流順位戦,D級,○,今井絢,藤井奈々,●,,
2024-11-21,女流順位戦,D級,○,山田久美,崎原知宙,●,,
2024-11-21,女流順位戦,D級,●,木村朱里,松下舞琳,○,,
2024-11-21,女流順位戦,D級,○,川又咲紀,石高澄恵,●,,
2024-11-21,女流順位戦,D級,○,梅津美琴,村田智穂,●,,
2024-11-21,女流順位戦,D級,○,山口稀良莉,榊菜吟,●,,
2024-11-22,清麗戦,予選,●,野原未蘭,塚田恵梨花,○,,
2024-11-25,清麗戦,予選,●,梅津美琴,西山朋佳,○,,
2024-11-26,清麗戦,予選,○,中澤沙耶,宮宗紫野,●,,
2024-11-26,清麗戦,予選,○,田中沙紀,竹部さゆり,●,,
2024-11-27,女流順位戦,A級,■,福間香奈,鈴木環那,□,,
2024-11-27,女流順位戦,A級,○,伊藤沙恵,加藤桃子,●,,
2024-11-27,女流順位戦,A級,●,上田初美,山根ことみ,○,,
2024-11-27,女流順位戦,A級,●,加藤圭,香川愛生,○,,
2024-11-27,女流順位戦,A級,○,石本さくら,和田あき,●,,
2024-11-27,女流順位戦,B級,●,伊奈川愛菓,渡部愛,○,,
2024-11-27,女流順位戦,B級,●,千葉涼子,塚田恵梨花,○,,
2024-11-27,女流順位戦,B級,●,武富礼衣,中井広恵,○,,
2024-11-27,女流順位戦,B級,●,頼本奈菜,野原未蘭,○,,
2024-11-27,女流順位戦,B級,○,加藤結李愛,岩根忍,●,,
2024-11-28,清麗戦,予選,○,本田小百合,和田はな,●,,
2024-11-28,清麗戦,予選,●,中村真梨花,北村桂香,○,,
2024-11-28,清麗戦,予選,●,清水市代,榊菜吟,○,,
2024-11-28,清麗戦,予選,●,大島綾華,室田伊緒,○,,
2024-11-29,清麗戦,予選,○,中倉宏美,脇田菜々子,●,,
2024-11-29,清麗戦,予選,○,上川香織,石高澄恵,●,,
2024-12-02,清麗戦,予選,○,渡部愛,矢内理絵子,●,,
2024-12-02,女流王位戦,挑決リーグ,●,加藤桃子,西山朋佳,○,,
2024-12-03,清麗戦,予選,●,礒谷真帆,梅津美琴,○,,
2024-12-03,清麗戦,予選,●,頼本奈菜,森本理子,○,,
2024-12-03,清麗戦,予選,○,藤井奈々,岩崎夏子,●,,
2024-12-04,清麗戦,予選,●,宮澤紗希,山根ことみ,○,,
2024-12-04,清麗戦,予選,○,香川愛生,上川香織,●,,
2024-12-04,清麗戦,予選,●,武富礼衣,岩佐美帆子,○,,
2024-12-04,女流王位戦,挑決リーグ,○,和田はな,加藤圭,●,,
2024-12-05,清麗戦,予選,●,岩根忍,鈴木環那,○,,
2024-12-05,清麗戦,予選,●,山田久美,西山朋佳,○,,
2024-12-05,清麗戦,予選,●,川又咲紀,崎原知宙,○,,
2024-12-06,女流順位戦,C級,○,室田伊緒,本田小百合,●,,
2024-12-06,女流順位戦,C級,○,北村桂香,堀彩乃,●,,
2024-12-06,女流順位戦,C級,○,清水市代,高浜愛子,●,,
2024-12-06,女流順位戦,C級,●,小高佐季子,中村真梨花,○,,
2024-12-06,女流順位戦,C級,●,田中沙紀,室谷由紀,○,,
2024-12-06,女流順位戦,C級,○,内山あや,長沢千和子,●,,
2024-12-06,女流順位戦,C級,○,久保翔子,藤田綾,●,,
2024-12-06,女流順位戦,C級,●,大島綾華,中澤沙耶,○,,
2024-12-06,女流順位戦,C級,○,山口恵梨子,佐々木海法,●,,
2024-12-06,女流順位戦,C級,○,長谷川優貴,貞升南,●,,
2024-12-09,清麗戦,予選,●,中澤沙耶,伊藤沙恵,○,,
2024-12-09,清麗戦,予選,●,山口恵梨子,伊奈川愛菓,○,,
2024-12-09,女流王位戦,挑決リーグ,●,山根ことみ,小高佐季子,○,,
2024-12-10,女流王位戦,挑決リーグ,●,千葉涼子,内山あや,○,,
2024-12-11,女流順位戦,D級,●,宮宗紫野,礒谷真帆,○,,
2024-12-11,女流順位戦,D級,○,梅津美琴,脇田菜々子,●,,
2024-12-11,女流順位戦,D級,○,山田久美,渡辺弥生,●,,
2024-12-11,女流順位戦,D級,●,和田はな,山口稀良莉,○,,
2024-12-11,女流順位戦,D級,○,今井絢,岩崎夏子,●,,
2024-12-11,女流順位戦,D級,●,上川香織,山口仁子梨,○,,
2024-12-11,女流順位戦,D級,○,磯谷祐維,森本理子,●,,
2024-12-11,女流順位戦,D級,○,竹内優月,竹部さゆり,●,,
2024-12-11,女流順位戦,D級,□,川又咲紀,矢内理絵子,■,,
2024-12-11,女流順位戦,D級,○,相川春香,鎌田美礼,●,,
2024-12-11,女流順位戦,D級,○,宮澤紗希,伊藤真央,●,,
2024-12-11,女流順位戦,D級,○,中倉宏美,斎田晴子,●,,
2024-12-11,女流順位戦,D級,○,藤井奈々,崎原知宙,●,,
2024-12-11,女流順位戦,D級,●,砂原奏,村田智穂,○,,
2024-12-11,女流順位戦,D級,●,榊菜吟,松下舞琳,○,,
2024-12-11,女流順位戦,D級,●,石高澄恵,木村朱里,○,,
2024-12-11,女流順位戦,D級,●,岩佐美帆子,島井咲緒里,○,,
2024-12-12,清麗戦,予選,●,藤田綾,加藤圭,○,,
2024-12-13,女流順位戦,A級,○,上田初美,伊藤沙恵,●,,
2024-12-13,女流順位戦,A級,●,和田あき,山根ことみ,○,,
2024-12-13,女流順位戦,A級,○,鈴木環那,石本さくら,●,,
2024-12-13,女流順位戦,A級,●,香川愛生,加藤桃子,○,,
2024-12-13,女流順位戦,B級,○,渡部愛,岩根忍,●,,
2024-12-13,女流順位戦,B級,●,塚田恵梨花,野原未蘭,○,,
2024-12-13,女流順位戦,B級,○,伊奈川愛菓,千葉涼子,●,,
2024-12-13,女流順位戦,B級,●,中井広恵,頼本奈菜,○,,
2024-12-13,女流順位戦,B級,●,武富礼衣,加藤結李愛,○,,
2024-12-16,マイナビ,本戦,○,加藤桃子,松下舞琳,●,,
2024-12-16,女流名人戦,予選,○,和田あき,清水市代,●,,
2024-12-16,女流名人戦,予選,●,岩崎夏子,伊藤真央,○,,
2024-12-16,女流名人戦,予選,●,堀彩乃,伊奈川愛菓,○,,
2024-12-16,女流王位戦,挑決リーグ,○,大島綾華,今井絢,●,,
2024-12-17,女流名人戦,予選,●,貞升南,中井広恵,○,,
2024-12-17,女流名人戦,予選,●,小高佐季子,頼本奈菜,○,,
2024-12-17,女流名人戦,予選,○,斎田晴子,島井咲緒里,●,,
2024-12-17,女流名人戦,予選,○,山口恵梨子,長沢千和子,●,,
2024-12-17,女流名人戦,予選,○,竹内優月,榊菜吟,●,,
2024-12-17,女流名人戦,予選,○,木村朱里,山口仁子梨,●,,
2024-12-17,女流王位戦,挑決リーグ,○,渡部愛,山根ことみ,●,,
2024-12-18,女流名人戦,予選,○,加藤結李愛,渡辺弥生,●,,
2024-12-18,女流名人戦,予選,○,磯谷祐維,脇田菜々子,●,,
2024-12-18,女流名人戦,予選,●,相川春香,中村真梨花,○,,
2024-12-18,女流名人戦,予選,○,久保翔子,中倉宏美,●,,
2024-12-18,女流名人戦,予選,○,本田小百合,山田久美,●,,
2024-12-18,女流名人戦,予選,○,北村桂香,村田智穂,●,,
2024-12-18,女流名人戦,予選,○,森本理子,崎原知宙,●,,
2024-12-19,女流名人戦,予選,○,田中沙紀,千葉涼子,●,,
2024-12-19,女流名人戦,予選,○,加藤圭,梅津美琴,●,,
2024-12-19,女流名人戦,予選,○,岩根忍,石高澄恵,●,,
2024-12-19,女流名人戦,予選,●,宮宗紫野,武富礼衣,○,,
2024-12-19,女流名人戦,予選,●,竹部さゆり,高浜愛子,○,,
2024-12-19,女流名人戦,予選,○,礒谷真帆,矢内理絵子,●,,
2024-12-19,女流名人戦,予選,●,川又咲紀,中七海,○,,
2024-12-19,女流名人戦,予選,○,室田伊緒,長谷川優貴,●,,
2024-12-19,女流王位戦,挑決リーグ,●,内山あや,加藤桃子,○,,
2024-12-20,女流名人戦,予選,●,上川香織,和田はな,○,,
2024-12-20,女流名人戦,予選,●,鎌田美礼,香川愛生,○,,
2024-12-20,女流名人戦,予選,○,上田初美,藤田綾,●,,
2024-12-20,女流名人戦,予選,●,藤井奈々,中澤沙耶,○,,
2024-12-20,女流名人戦,予選,●,山口稀良莉,岩佐美帆子,○,,
2024-12-20,女流王位戦,挑決リーグ,●,小高佐季子,伊藤沙恵,○,,
2024-12-23,女流名人戦,予選,,塚田恵梨花,砂原奏,,延期,
2024-12-23,女流名人戦,予選,●,室谷由紀,宮澤紗希,○,,
2024-12-25,清麗戦,予選,●,鎌田美礼,村田智穂,○,,
2024-12-25,清麗戦,予選,○,榊菜吟,竹内優月,●,,
2024-12-26,女流名人戦,予選,●,佐々木海法,松下舞琳,○,,
2024-12-27,清麗戦,予選,,長谷川優貴,岩崎夏子,,延期,
2024-12-27,清麗戦,予選,●,藤井奈々,石本さくら,○,,
2024-12-27,清麗戦,予選,○,山根ことみ,室田伊緒,●,,
2025-01-07,女流順位戦,A級,■,伊藤沙恵,鈴木環那,□,,
2025-01-07,女流順位戦,A級,○,加藤桃子,和田あき,●,,
2025-01-07,女流順位戦,A級,○,山根ことみ,香川愛生,●,,
2025-01-07,女流順位戦,A級,○,石本さくら,加藤圭,●,,
2025-01-07,女流順位戦,B級,●,加藤結李愛,渡部愛,○,,
2025-01-07,女流順位戦,B級,●,塚田恵梨花,伊奈川愛菓,○,,
2025-01-07,女流順位戦,B級,○,野原未蘭,中井広恵,●,,
2025-01-07,女流順位戦,B級,○,岩根忍,武富礼衣,●,,
2025-01-07,女流順位戦,B級,●,頼本奈菜,千葉涼子,○,,
2025-01-08,清麗戦,予選,○,岩崎夏子,長谷川優貴,●,,
2025-01-08,清麗戦,予選,●,磯谷祐維,今井絢,○,,
2025-01-08,マイナビ,本戦,○,上田初美,室田伊緒,●,,
2025-01-08,女流名人戦,予選,●,久保翔子,北村桂香,○,,
2025-01-09,清麗戦,予選,●,山田久美,木村朱里,○,,
2025-01-10,清麗戦,予選,●,相川春香,内山あや,○,,
2025-01-10,清麗戦,予選,○,森本理子,田中沙紀,●,,
2025-01-10,清麗戦,予選,○,松下舞琳,佐々木海法,●,,
2025-01-10,女流名人戦,予選,●,本田小百合,山口恵梨子,○,,
2025-01-10,女流名人戦,予選,●,砂原奏,塚田恵梨花,○,,
2025-01-10,女流王位戦,挑決リーグ,○,西山朋佳,大島綾華,●,,
2025-01-14,女流名人戦,予選,○,野原未蘭,伊藤真央,●,,
2025-01-14,女流名人戦,予選,○,中七海,加藤桃子,●,,
2025-01-15,清麗戦,予選,○,宮澤紗希,大島綾華,●,,
2025-01-15,清麗戦,予選,●,矢内理絵子,脇田菜々子,○,,
2025-01-15,女流名人戦,予選,○,伊藤沙恵,竹内優月,●,,
2025-01-15,女流名人戦,予選,○,山根ことみ,斎田晴子,●,,
2025-01-15,女流名人戦,予選,○,磯谷祐維,和田あき,●,,
2025-01-16,清麗戦,予選,●,堀彩乃,貞升南,○,,
2025-01-16,清麗戦,予選,○,加藤桃子,砂原奏,●,,
2025-01-16,女流名人戦,予選,○,中井広恵,頼本奈菜,●,,
2025-01-16,女流名人戦,予選,●,木村朱里,香川愛生,○,,
2025-01-16,女流名人戦,予選,●,加藤圭,加藤結李愛,○,,
2025-01-16,女流名人戦,予選,●,松下舞琳,岩佐美帆子,○,,
2025-01-17,清麗戦,予選,●,崎原知宙,塚田恵梨花,○,,
2025-01-17,清麗戦,予選,○,本田小百合,伊藤沙恵,●,,
2025-01-17,清麗戦,予選,●,岩根忍,藤田綾,○,,
2025-01-17,清麗戦,予選,○,渡部愛,中倉宏美,●,,
2025-01-17,女流名人戦,予選,○,高浜愛子,和田はな,●,,
2025-01-17,女流名人戦,予選,○,上田初美,武富礼衣,●,,
2025-01-17,女流王位戦,挑決リーグ,○,今井絢,千葉涼子,●,,
2025-01-20,女流名人戦,予選,○,宮澤紗希,伊奈川愛菓,●,,
2025-01-27,女流名人戦,予選,●,岩根忍,野原未蘭,○,,
2025-01-27,女流王位戦,挑決リーグ,○,山根ことみ,加藤圭,●,,
2025-01-27,女流王位戦,挑決リーグ,○,和田はな,小高佐季子,●,,
2025-01-27,女流王位戦,挑決リーグ,○,伊藤沙恵,渡部愛,●,,
2025-01-27,女流王位戦,挑決リーグ,●,内山あや,西山朋佳,○,,
2025-01-27,女流王位戦,挑決リーグ,○,千葉涼子,大島綾華,●,,
2025-01-27,女流王位戦,挑決リーグ,○,加藤桃子,今井絢,●,,
2025-01-28,女流名人戦,予選,○,塚田恵梨花,礒谷真帆,●,,
2025-01-28,清麗戦,予選,●,岩佐美帆子,榊菜吟,○,,
2025-01-29,清麗戦,予選,○,山口稀良莉,伊奈川愛菓,●,,
2025-01-29,女流名人戦,予選,○,鈴木環那,森本理子,●,,
2025-01-30,女流名人戦,予選,●,室田伊緒,中七海,○,,
2025-01-31,清麗戦,予選,○,上田初美,加藤結李愛,●,,
2025-01-31,清麗戦,予選,○,西山朋佳,和田あき,●,,
2025-01-31,清麗戦,予選,○,梅津美琴,千葉涼子,●,,
2025-01-31,清麗戦,予選,●,加藤圭,鈴木環那,○,,
2025-01-31,清麗戦,予選,●,村田智穂,北村桂香,○,,
2025-02-03,女流名人戦,予選,●,中村真梨花,山根ことみ,○,,
2025-02-04,女流名人戦,予選,●,田中沙紀,伊藤沙恵,○,,
2025-02-04,女流名人戦,予選,●,鈴木環那,中澤沙耶,○,,
2025-02-05,清麗戦,予選,○,磯谷祐維,室田伊緒,●,,
2025-02-05,女流名人戦,予選,○,宮澤紗希,加藤結李愛,●,,
2025-02-07,女流王位戦,挑決リーグ,●,千葉涼子,西山朋佳,○,,
2025-02-07,女流王位戦,挑決リーグ,○,今井絢,内山あや,●,,
2025-02-07,女流王位戦,挑決リーグ,○,山根ことみ,伊藤沙恵,●,,
2025-02-07,女流王位戦,挑決リーグ,○,渡部愛,和田はな,●,,
2025-02-07,女流王位戦,挑決リーグ,○,加藤圭,小高佐季子,●,,
2025-02-07,女流王位戦,挑決リーグ,○,大島綾華,加藤桃子,●,,
2025-02-10,女流名人戦,予選,○,岩佐美帆子,香川愛生,●,,
2025-02-12,清麗戦,予選,●,木村朱里,貞升南,○,,
2025-02-12,清麗戦,予選,○,加藤桃子,石本さくら,●,,
2025-02-12,清麗戦,予選,○,砂原奏,藤井奈々,●,,
2025-02-12,女流名人戦,予選,●,北村桂香,伊藤沙恵,○,,
2025-02-13,清麗戦,予選,○,西山朋佳,上田初美,●,,
2025-02-13,清麗戦,予選,●,和田あき,加藤結李愛,○,,
2025-02-14,女流順位戦,A級,○,福間香奈,加藤圭,●,,
2025-02-14,清麗戦,予選,○,渡部愛,鈴木環那,●,,
2025-02-14,清麗戦,予選,○,山根ことみ,今井絢,●,,
2025-02-17,女流王座戦,第2局,●,西山朋佳,福間香奈,○,,
2025-02-17,清麗戦,予選,●,山口稀良莉,香川愛生,○,,
2025-02-17,女流名人戦,予選,●,中澤沙耶,山口恵梨子,○,,
2025-02-17,女流名人戦,予選,●,山根ことみ,上田初美,○,,
2025-02-18,清麗戦,予選,○,脇田菜々子,藤田綾,●,,
2025-02-18,女流名人戦,予選,○,野原未蘭,塚田恵梨花,●,,
2025-02-19,倉敷藤花戦,第1局,○,福間香奈,伊藤沙恵,●,,
2025-02-19,女流名人戦,予選,●,中七海,磯谷祐維,○,,
2025-02-20,マイナビ,本戦,○,加藤桃子,上田初美,●,,
2025-02-20,清麗戦,予選,○,加藤圭,中倉宏美,●,,
2025-02-20,清麗戦,予選,●,北村桂香,森本理子,○,,
2025-02-21,マイナビ,本戦,○,福間香奈,加藤結李愛,●,千日手,
2025-02-21,清麗戦,予選,○,本田小百合,榊菜吟,●,,
2025-02-21,清麗戦,予選,●,松下舞琳,宮澤紗希,○,,
2025-02-21,女流名人戦,予選,●,高浜愛子,中井広恵,○,,
2025-02-25,清麗戦,予選,○,内山あや,岩崎夏子,●,,
2025-02-25,清麗戦,予選,●,梅津美琴,塚田恵梨花,○,,
2025-02-27,女流順位戦,A級,○,福間香奈,上田初美,●,,
2025-02-28,女流王位戦,挑決リーグ,○,加藤桃子,千葉涼子,●,,
2025-02-28,女流王位戦,挑決リーグ,●,内山あや,大島綾華,○,,
2025-02-28,女流王位戦,挑決リーグ,○,西山朋佳,今井絢,●,,
2025-02-28,女流王位戦,挑決リーグ,●,和田はな,山根ことみ,○,,
2025-02-28,女流王位戦,挑決リーグ,○,伊藤沙恵,加藤圭,●,,
2025-02-28,女流王位戦,挑決リーグ,●,小高佐季子,渡部愛,○,,
2025-03-03,マイナビ,挑決,○,福間香奈,加藤桃子,●,,
2025-03-04,女流名人戦,予選,●,岩佐美帆子,野原未蘭,○,,
2025-03-04,女流名人戦,予選,●,磯谷祐維,宮澤紗希,○,,
2025-03-05,女流王座戦,第3局,○,福間香奈,西山朋佳,●,,
2025-03-06,清麗戦,予選,○,砂原奏,加藤圭,●,,
2025-03-06,女流名人戦,予選,●,山口恵梨子,中井広恵,○,,
2025-03-08,女流名人戦,第1局,●,西山朋佳,福間香奈,○,,
2025-03-10,女流順位戦,D級,○,礒谷真帆,宮澤紗希,●,,
2025-03-10,女流順位戦,D級,○,竹部さゆり,上川香織,●,,
2025-03-10,女流順位戦,D級,●,渡辺弥生,磯谷祐維,○,,
2025-03-10,女流順位戦,D級,●,斎田晴子,宮宗紫野,○,,
2025-03-10,女流順位戦,D級,●,岩崎夏子,砂原奏,○,,
2025-03-10,女流順位戦,D級,○,鎌田美礼,中倉宏美,●,,
2025-03-10,女流順位戦,D級,○,石高澄恵,和田はな,●,,
2025-03-10,女流順位戦,D級,●,島井咲緒里,相川春香,○,,
2025-03-10,女流順位戦,D級,○,木村朱里,梅津美琴,●,,
2025-03-10,女流順位戦,D級,●,伊藤真央,竹内優月,○,,
2025-03-10,女流順位戦,D級,●,森本理子,藤井奈々,○,,
2025-03-10,女流順位戦,D級,○,山口稀良莉,山田久美,●,,
2025-03-10,女流順位戦,D級,●,崎原知宙,今井絢,○,,
2025-03-10,女流順位戦,D級,○,松下舞琳,脇田菜々子,●,,
2025-03-10,女流順位戦,D級,○,村田智穂,川又咲紀,●,,
2025-03-10,女流順位戦,D級,○,矢内理絵子,岩佐美帆子,●,,
2025-03-10,女流順位戦,D級,●,山口仁子梨,榊菜吟,○,,
2025-03-11,女流名人戦,予選,○,伊藤沙恵,上田初美,●,,
2025-03-12,女流順位戦,C級,○,中村真梨花,藤田綾,●,,
2025-03-12,女流順位戦,C級,●,貞升南,内山あや,○,,
2025-03-12,女流順位戦,C級,●,堀彩乃,小高佐季子,○,,
2025-03-12,女流順位戦,C級,●,長沢千和子,山口恵梨子,○,,
2025-03-12,女流順位戦,C級,●,高浜愛子,大島綾華,○,,
2025-03-12,女流順位戦,C級,●,室谷由紀,室田伊緒,○,,
2025-03-12,女流順位戦,C級,○,中澤沙耶,北村桂香,●,,
2025-03-12,女流順位戦,C級,●,本田小百合,久保翔子,○,,
2025-03-12,女流順位戦,C級,○,佐々木海法,清水市代,●,,
2025-03-12,女流順位戦,C級,●,長谷川優貴,田中沙紀,○,,
2025-03-13,清麗戦,予選,○,鈴木環那,石本さくら,●,千日手,
2025-03-13,清麗戦,予選,○,磯谷祐維,加藤結李愛,●,,
2025-03-13,清麗戦,予選,○,加藤桃子,渡部愛,●,,
2025-03-14,女流王位戦,挑決,○,西山朋佳,伊藤沙恵,●,,
2025-03-16,女流名人戦,第2局,○,福間香奈,西山朋佳,●,,
2025-03-17,清麗戦,予選,●,宮澤紗希,貞升南,○,,
2025-03-17,清麗戦,予選,○,脇田菜々子,内山あや,●,,
2025-03-18,倉敷藤花戦,,●,山田久美,竹内優月,○,,
2025-03-18,倉敷藤花戦,,●,長沢千和子,伊藤真央,○,,
2025-03-19,倉敷藤花戦,,●,相川春香,中倉宏美,○,,
2025-03-19,倉敷藤花戦,,●,矢内理絵子,本田小百合,○,,
2025-03-19,倉敷藤花戦,,○,山口稀良莉,砂原奏,●,,
2025-03-21,女流順位戦,A級,●,加藤圭,上田初美,○,,
2025-03-21,女流順位戦,A級,●,香川愛生,鈴木環那,○,,
2025-03-21,女流順位戦,A級,●,和田あき,福間香奈,○,,
2025-03-21,女流順位戦,A級,○,加藤桃子,山根ことみ,●,,
2025-03-21,女流順位戦,A級,○,伊藤沙恵,石本さくら,●,,
2025-03-21,女流順位戦,B級,○,渡部愛,野原未蘭,●,,
2025-03-21,女流順位戦,B級,●,頼本奈菜,塚田恵梨花,○,,
2025-03-21,女流順位戦,B級,●,伊奈川愛菓,武富礼衣,○,,
2025-03-21,女流順位戦,B級,○,中井広恵,岩根忍,●,,
2025-03-21,女流順位戦,B級,●,千葉涼子,加藤結李愛,○,,
2025-03-21,倉敷藤花戦,,○,岩崎夏子,上川香織,●,,
2025-03-21,倉敷藤花戦,,●,森本理子,中七海,○,,
2025-03-21,倉敷藤花戦,,○,村田智穂,崎原知宙,●,,
2025-03-24,清麗戦,予選,●,今井絢,上田初美,○,,
2025-03-24,倉敷藤花戦,,●,榊菜吟,八木日和,○,,
2025-03-25,倉敷藤花戦,第2局,●,伊藤沙恵,福間香奈,○,,
2025-03-25,清麗戦,予選,○,西山朋佳,山根ことみ,●,,
2025-03-25,倉敷藤花戦,,○,島井咲緒里,井澤早紀アマ,●,,
2025-03-25,倉敷藤花戦,,○,長谷川優貴,北村桂香,●,,
2025-03-26,清麗戦,予選,○,香川愛生,本田小百合,●,,
2025-03-26,倉敷藤花戦,,●,宮澤紗希,磯谷祐維,○,,
2025-03-26,倉敷藤花戦,,●,藤井奈々,佐々木海法,○,,
2025-03-27,倉敷藤花戦,,○,加藤結李愛,野原未蘭,●,,
2025-03-27,倉敷藤花戦,,○,貞升南,鎌田美礼,●,,
2025-03-27,倉敷藤花戦,,●,川又咲紀,岩佐美帆子,○,,
2025-03-28,清麗戦,予選,○,塚田恵梨花,森本理子,●,,
2025-03-28,倉敷藤花戦,,●,中井広恵,渡部愛,○,,
2025-03-28,倉敷藤花戦,,○,梅津美琴,和田はな,●,,
2025-03-28,倉敷藤花戦,,●,大島綾華,脇田菜々子,○,,
2025-03-28,倉敷藤花戦,,○,松下舞琳,久保翔子,●,,
2025-03-30,女流名人戦,第3局,○,西山朋佳,福間香奈,●,,
2025-03-31,倉敷藤花戦,,●,室田伊緒,中七海,○,,
2024-04-11,女流王将戦,本戦,●,和田あき,福間香奈,○,,2024-06-08
2024-04-17,女流王将戦,本戦,○,加藤桃子,中村真梨花,●,,2024-06-15
2024-04-17,女流王将戦,本戦,○,内山あや,崎原知宙,●,,2024-06-22
2024-04-19,女流王将戦,本戦,●,野原未蘭,今井絢,○,,2024-06-29
2024-04-19,女流王将戦,本戦,○,香川愛生,山口恵梨子,●,,2024-07-06
2024-04-30,女流王将戦,本戦,●,大島綾華,宮澤紗希,○,,2024-07-13
2024-05-24,女流王将戦,本戦,○,伊藤沙恵,小高佐季子,●,,2024-07-20
2024-05-24,女流王将戦,本戦,○,渡部愛,鈴木環那,●,,2024-07-27
2024-06-26,女流王将戦,本戦,●,今井絢,香川愛生,○,,2024-08-03
2024-06-26,女流王将戦,本戦,○,渡部愛,宮澤紗希,●,,2024-08-10
2024-06-27,女流王将戦,本戦,○,福間香奈,内山あや,●,,2024-08-17
2024-06-27,女流王将戦,本戦,●,加藤桃子,伊藤沙恵,○,,2024-08-24
2024-08-02,女流王将戦,本戦,○,福間香奈,渡部愛,●,,2024-08-31
2024-08-02,女流王将戦,本戦,●,香川愛生,伊藤沙恵,○,,2024-09-07
2024-08-13,女流王将戦,挑決,○,福間香奈,伊藤沙恵,●,,2024-09-14
2024-10-05,女流王将戦,第1局,●,西山朋佳,福間香奈,○,,2024-10-05
2024-10-15,女流王将戦,第2局,■,福間香奈,西山朋佳,□,,2024-10-15
2024-10-29,女流王将戦,第3局,□,西山朋佳,福間香奈,■,,2024-10-29
2025-01-08,女流王将戦,予選,○,川又咲紀,藤井奈々,●,,
2025-01-20,女流王将戦,予選,○,塚田恵梨花,上川香織,●,,
2025-01-20,女流王将戦,予選,●,塚田恵梨花,山口恵梨子,○,,
2025-01-20,女流王将戦,予選,●,中倉宏美,宮宗紫野,○,,
2025-01-20,女流王将戦,予選,●,宮宗紫野,山根ことみ,○,,
2025-01-20,女流王将戦,予選,○,山根ことみ,山口恵梨子,●,,
2025-01-20,女流王将戦,予選,○,渡辺弥生,長沢千和子,●,,
2025-01-20,女流王将戦,予選,●,岩根忍,渡辺弥生,○,,
2025-01-20,女流王将戦,予選,●,竹内優月,佐原志依アマ,○,,
2025-01-20,女流王将戦,予選,○,中井広恵,佐原志依アマ,●,,
2025-01-20,女流王将戦,予選,●,中井広恵,渡辺弥生,○,,
2025-01-21,女流王将戦,予選,●,大城千花アマ,中村真梨花,○,,
2025-01-21,女流王将戦,予選,○,千葉涼子,中村真梨花,●,,
2025-01-21,女流王将戦,予選,○,本田小百合,矢内理絵子,●,,
2025-01-21,女流王将戦,予選,●,崎原知宙,岩佐美帆子,○,,
2025-01-21,女流王将戦,予選,○,本田小百合,岩佐美帆子,●,,
2025-01-21,女流王将戦,予選,●,千葉涼子,本田小百合,○,,
2025-01-22,女流王将戦,予選,○,高浜愛子,石高澄恵,●,,
2025-01-22,女流王将戦,予選,○,高浜愛子,磯谷祐維,●,,
2025-01-22,女流王将戦,予選,●,田中沙紀,横村日和アマ,○,,
2025-01-22,女流王将戦,予選,○,横村日和アマ,加藤圭,●,,
2025-01-22,女流王将戦,予選,○,横村日和アマ,高浜愛子,●,,
2025-01-22,女流王将戦,予選,●,竹部さゆり,堀彩乃,○,,
2025-01-22,女流王将戦,予選,●,堀彩乃,内山あや,○,,
2025-01-22,女流王将戦,予選,●,山田久美,頼本奈菜,○,,
2025-01-22,女流王将戦,予選,○,小高佐季子,頼本奈菜,●,,
2025-01-22,女流王将戦,予選,●,内山あや,小高佐季子,○,,
2025-01-22,女流王将戦,予選,●,村田智穂,森本理子,○,,
2025-01-22,女流王将戦,予選,○,今井絢,森本理子,●,,
2025-01-22,女流王将戦,予選,○,松下舞琳,華房永茉アマ,●,,
2025-01-22,女流王将戦,予選,○,松下舞琳,石本さくら,●,,
2025-01-22,女流王将戦,予選,●,今井絢,松下舞琳,○,,
2025-01-23,女流王将戦,予選,○,加藤結李愛,川又咲紀,●,,
2025-01-23,女流王将戦,予選,●,斎田晴子,宮澤紗希,○,,
2025-01-23,女流王将戦,予選,●,藤田綾,和田はな,○,,
2025-01-23,女流王将戦,予選,○,宮澤紗希,和田はな,●,,
2025-01-23,女流王将戦,予選,●,加藤結李愛,宮澤紗希,○,,
2025-01-23,女流王将戦,予選,○,梅津美琴,砂原奏,●,,
2025-01-23,女流王将戦,予選,○,伊藤真央,島井咲緒里,●,,
2025-01-23,女流王将戦,予選,●,伊藤真央,梅津美琴,○,,
2025-01-23,女流王将戦,予選,○,礒谷真帆,鎌田美礼,●,,
2025-01-23,女流王将戦,予選,○,上田初美,礒谷真帆,●,,
2025-01-23,女流王将戦,予選,□,上田初美,梅津美琴,■,,
2025-01-23,女流王将戦,予選,●,武富礼衣,伊奈川愛菓,○,,
2025-01-23,女流王将戦,予選,●,伊奈川愛菓,和田あき,○,,
2025-01-23,女流王将戦,予選,●,井澤早紀アマ,岩崎夏子,○,,
2025-01-23,女流王将戦,予選,○,野原未蘭,岩崎夏子,●,,
2025-01-23,女流王将戦,予選,○,野原未蘭,和田あき,●,,
2025-01-23,女流王将戦,予選,●,久保翔子,長谷川優貴,○,,
2025-01-23,女流王将戦,予選,●,長谷川優貴,加藤桃子,○,,
2025-01-23,女流王将戦,予選,●,山口稀良莉,木村朱里,○,,
2025-01-23,女流王将戦,予選,○,木村朱里,大島綾華,●,,
2025-01-23,女流王将戦,予選,●,木村朱里,加藤桃子,○,,
2025-01-24,女流王将戦,予選,○,相川春香,貞升南,●,,
2025-01-24,女流王将戦,予選,○,相川春香,鈴木環那,●,,
2025-01-24,女流王将戦,予選,●,清水市代,脇田菜々子,○,,
2025-01-24,女流王将戦,予選,○,脇田菜々子,室谷由紀,●,,
2025-01-24,女流王将戦,予選,●,相川春香,脇田菜々子,○,,
2025-01-24,女流王将戦,予選,○,北村桂香,山口仁子梨,●,,
2025-01-24,女流王将戦,予選,○,北村桂香,室田伊緒,●,,
2025-01-24,女流王将戦,予選,●,榊菜吟,中七海,○,,
2025-01-24,女流王将戦,予選,●,中澤沙耶,佐々木海法,○,,
2025-01-24,女流王将戦,予選,○,中七海,佐々木海法,●,,
2025-01-24,女流王将戦,予選,○,中七海,北村桂香,●,,